,unique_ide,mean_lst,max_lst,min_lst,sd_lst,latitude,longitude
0,7296/006_2018,299.7342424242424,299.7342424242424,299.7342424242424,1.1928344115761897e-05,37.7265301926265,-122.47753839256524
1,6309/004A_2018,301.8815308880311,302.9597683397686,300.1593600000001,1.3471243703109845,37.70878543128648,-122.41111812311615
2,3705/052_2018,301.34670994050583,301.3270042194094,301.3270042194094,6.506369517688307e-06,37.78410039545002,-122.40614458995272
3,3783/009_2018,303.88638783269977,303.88638783269977,303.88638783269977,0.0,37.77102201208567,-122.40354625343198
4,3781/003_2018,303.9212411371349,303.9268679245282,303.88638783269977,0.015086039179563488,37.771027808862186,-122.4073142024732
5,3507/040_2018,302.56356159602876,303.9268679245282,301.88266666666686,0.9896446785068818,37.77522832084446,-122.41746613166065
6,4347A/004_2018,302.72939393939384,302.72939393939384,302.72939393939384,0.0,37.74784316692,-122.39457521484064
7,3833/016_2018,303.0289795512298,303.88638783269977,299.8885925925928,1.8060197968161376,37.76698262559097,-122.39704516805462
8,3706/096_2018,301.3270042194094,301.3270042194094,301.3270042194094,0.0,37.78539565329618,-122.40439104307563
9,5286A/020_2018,303.7998479087453,303.7998479087453,303.7998479087453,0.0,37.744204780457984,-122.40145224607866
10,3707/052_2018,298.7633948339484,298.7633948339484,298.7633948339484,0.0,37.787940788265466,-122.40193453576686
11,3803/005_2018,300.33751824817534,300.33751824817534,300.33751824817534,0.0,37.77632716239665,-122.39179682013236
12,0020/001_2018,297.3564773872483,299.8510077519379,297.06386100386106,0.8012483543059842,37.80712311402733,-122.41305809550994
13,3960/001_2018,303.8803100775194,303.8803100775194,303.8803100775194,3.2531847588441535e-06,37.765215962819184,-122.40600697104732
14,3716/021_2018,297.58708487084857,297.58708487084857,297.58708487084857,0.0,37.79226514500504,-122.39284751379012
15,3508/001_2018,302.15875843896237,302.3830830039525,301.88266666666686,0.24226301767588038,37.77673622720985,-122.4163949301502
16,4343/002_2018,302.72939393939384,302.72939393939384,302.72939393939384,0.0,37.7477721063829,-122.39703171735736
17,4105/009_2018,303.8803100775194,303.8803100775194,303.8803100775194,3.4119689598080286e-06,37.759196403274565,-122.39172904694244
18,3536/001_2018,301.93952191235076,301.93952191235076,301.93952191235076,0.0,37.76913198134277,-122.42802957153296
19,0231/023_2018,297.58708487084857,297.58708487084857,297.58708487084857,0.0,37.79479859374943,-122.39847275212163
20,3744/005_2018,293.15658536585374,293.15658536585374,293.15658536585374,0.0,37.78980329858977,-122.38975739444082
21,3744/002-A_2018,293.15658536585374,293.15658536585374,293.15658536585374,0.0,37.78980329858977,-122.38975739444082
22,0137/001_2018,294.79331083357874,297.06386100386106,290.91198443579765,2.959333726453309,37.800220930572415,-122.3995690179267
23,0037/001_2018,297.06386100386106,297.06386100386106,297.06386100386106,3.596531072929624e-06,37.80609109541972,-122.40592454022764
24,3957/004_2018,303.8803100775194,303.8803100775194,303.8803100775194,0.0,37.76538838314329,-122.4031111222034
25,3957/002_2018,303.8803100775194,303.8803100775194,303.8803100775194,0.0,37.76538838314329,-122.4031111222034
26,3741/046_2018,293.15658536585374,293.15658536585374,293.15658536585374,0.0,37.79086006199022,-122.3910248437018
27,8711/023_2018,294.96825594125636,299.36666666666673,291.0455468750002,4.048260188430171,37.77407485491494,-122.39066845798818
28,3737/030_2018,298.7633948339484,298.7633948339484,298.7633948339484,0.0,37.78853002436857,-122.39514429356838
29,8711/028_2018,299.36666666666673,299.36666666666673,299.36666666666673,0.0,37.77239242751408,-122.39079549283711
30,3979/001_2018,303.8803100775194,303.8803100775194,303.8803100775194,0.0,37.76416916792768,-122.40202096067796
31,0232/016_2018,297.58708487084857,297.58708487084857,297.58708487084857,0.0,37.79494825977666,-122.39729812109896
32,4570/026_2018,300.9600489678995,302.72939393939384,299.62007272727277,1.50529365906086,37.74144202068825,-122.38353122286004
33,0697/037_2018,301.1990476190477,301.1990476190477,301.1990476190477,0.0,37.78573381032121,-122.4256054429102
34,3746/669_2018,293.15658536585374,293.15658536585374,293.15658536585374,0.0,37.78814529694315,-122.39118192015876
35,7255/002_2018,299.73858093024796,299.7469607843135,299.7342424242424,0.0055072114727284195,37.73300635423948,-122.4895859298489
36,3751/157_2018,300.33751824817534,300.33751824817534,300.33751824817534,0.0,37.78268783037402,-122.3983458807392
37,3780/006_2018,303.88638783269977,303.88638783269977,303.88638783269977,0.0,37.772014986154005,-122.4051932117872
38,8707/003_2018,299.36666666666673,299.36666666666673,299.36666666666673,0.0,37.77236392868907,-122.3970409703867
39,3713/007_2018,297.58708487084857,297.58708487084857,297.58708487084857,0.0,37.79337073068709,-122.39423328175292
40,3924/008_2018,303.7212151116523,304.5536964980545,303.26286821705406,0.5589450416268157,37.766810706065286,-122.41205558743756
41,0107/007_2018,297.06386100386106,297.06386100386106,297.06386100386106,0.0,37.80179145618413,-122.40230896167104
42,0204/019_2018,297.58708487084857,297.58708487084857,297.58708487084857,0.0,37.79551432933224,-122.39994354466889
43,4224/045_2018,303.53618320610667,303.53618320610667,303.53618320610667,4.078082914923468e-06,37.75435590118809,-122.39381491238936
44,3787/031_2018,300.33751824817534,300.33751824817534,300.33751824817534,0.0,37.77861192346356,-122.39528428266088
45,4356/001_2018,300.76165308776916,303.53618320610667,299.8891240875916,1.5792229228688204,37.74965718205142,-122.38698912690808
46,0108/007_2018,297.06386100386106,297.06386100386106,297.06386100386106,0.0,37.80191628321767,-122.40111961059335
47,5431A/001F_2018,302.4860856759074,302.63555555555564,302.3990697674418,0.11703011447325866,37.72499186803046,-122.39722848491505
48,4021/002-A_2018,304.6936044850821,304.79952569169944,304.5536964980545,0.12043121757766477,37.76103378646514,-122.41150601236548
49,4343/004_2018,302.86454270012615,303.7998479087453,302.72939393939384,0.3540193740367622,37.74758628993012,-122.39886570239496
50,0328/002_2018,301.3270042194094,301.3270042194094,301.3270042194094,0.0,37.78609997807792,-122.40598614398972
51,4316/001_2018,303.53618320610667,303.53618320610667,303.53618320610667,4.404832986371046e-06,37.75100158652069,-122.38907248428636
52,0010/002_2018,299.8510077519379,299.8510077519379,299.8510077519379,0.0,37.80717479757394,-122.42017425639452
53,3905/002_2018,303.9268679245282,303.9268679245282,303.9268679245282,0.0,37.76858562399487,-122.4091297358678
54,1206/003_2018,301.93952191235076,301.93952191235076,301.93952191235076,0.0,37.77388539244031,-122.44182647325324
55,0029/007_2018,299.8510077519379,299.8510077519379,299.8510077519379,0.0,37.80588536395507,-122.4159452469385
56,0325/031_2018,301.402791103802,301.4089682539681,301.3270042194094,0.02868143749661474,37.785643867281856,-122.4104123441062
57,8711/025_2018,299.36666666666673,299.36666666666673,299.36666666666673,0.0,37.773257936777256,-122.39093852857148
58,3901/005_2018,303.7186055490869,303.9268679245282,303.26286821705406,0.3285946369550301,37.76843488668652,-122.41273556368913
59,3766/262_2018,298.7633948339484,298.7633948339484,298.7633948339484,0.0,37.78651209632277,-122.39128497984348
60,0263/011_2018,297.58708487084857,297.58708487084857,297.58708487084857,0.0,37.79294896724541,-122.3980986120528
61,6574/069_2018,302.6079389312978,302.6079389312978,302.6079389312978,4.404832986371046e-06,37.74764808102109,-122.4191505462615
62,3701/059_2018,302.3830830039525,302.3830830039525,302.3830830039525,3.4119689598080286e-06,37.77794682058295,-122.41479115990082
63,3736/123_2018,298.7633948339484,298.7633948339484,298.7633948339484,0.0,37.7864978139876,-122.39702758559692
64,8705/012_2018,303.262367620917,303.47214007782117,303.47214007782117,0.0,37.77551881269145,-122.39422831687098
65,8705/011_2018,303.262367620917,303.47214007782117,303.47214007782117,0.0,37.77551881269145,-122.39422831687098
66,0314/018_2018,301.3270042194094,301.3270042194094,301.3270042194094,0.0,37.7869973582598,-122.40717487646648
67,3783/008_2018,303.88638783269977,303.88638783269977,303.88638783269977,0.0,37.77170589227072,-122.40268288174153
68,0269/001_2018,298.7901806345324,298.7633948339484,298.7633948339484,0.0,37.7914021289402,-122.40284361696854
69,3782/003_2018,303.9268679245282,303.9268679245282,303.9268679245282,0.0,37.77009601617911,-122.40627946085934
70,0446/002_2018,299.022092050209,299.022092050209,299.022092050209,0.0,37.804577882961134,-122.43301077406156
71,3713/006_2018,297.58708487084857,297.58708487084857,297.58708487084857,0.0,37.79387152105323,-122.3948652372935
72,0010/001_2018,299.8510077519379,299.8510077519379,299.8510077519379,0.0,37.8072779756384,-122.41947083883838
73,6221/004_2018,301.96038314176224,301.96038314176224,301.96038314176224,3.4119689598080286e-06,37.7154716319846,-122.41357774116264
74,0330/026_2018,301.37805610379166,301.4089682539681,301.3270042194094,0.04015401237929183,37.78487824326036,-122.40896478425422
75,0313/018_2018,301.3270042194094,301.3270042194094,301.3270042194094,0.0,37.78736505101381,-122.40590408904416
76,3750/073_2018,298.78953506074845,298.7633948339484,298.7633948339484,0.0,37.78413166420554,-122.39591339717992
77,3515/040_2018,303.36071568127863,303.9268679245282,303.26286821705406,0.28752030737993667,37.77013759475605,-122.41598340128836
78,8707/009_2018,299.36666666666673,299.36666666666673,299.36666666666673,0.0,37.77338622160105,-122.3957566183563
79,3547/054_2018,303.26286821705406,303.26286821705406,303.26286821705406,0.0,37.76697229848201,-122.42049645975736
80,0234/017_2018,297.58708487084857,297.58708487084857,297.58708487084857,0.0,37.79433101776285,-122.39581105388211
81,3745/008_2018,293.15658536585374,293.15658536585374,293.15658536585374,3.114687274657158e-06,37.78871918135996,-122.39045472718982
82,3937/002A_2018,303.9058474040504,303.9268679245282,303.8803100775194,0.023278923376947598,37.76675156208234,-122.40243770718732
83,3720/008_2018,298.7633948339484,298.7633948339484,298.7633948339484,0.0,37.78911922169917,-122.39588103961124
84,3180/006_2018,300.3006034482757,300.3006034482757,300.3006034482757,0.0,37.72398184847414,-122.45504724469004
85,3180/007_2018,300.3006034482757,300.3006034482757,300.3006034482757,0.0,37.72398184847414,-122.45504724469004
86,1691/019_2018,295.5076699029127,295.5076699029127,295.5076699029127,0.0,37.772354888417794,-122.50942725121
87,7521/002-C_2018,298.8709401709402,298.8709401709402,298.8709401709402,0.0,37.743743732856174,-122.43917456770004
88,3718/026_2018,293.15658536585374,293.15658536585374,293.15658536585374,3.4119689598080286e-06,37.79103366251204,-122.39476151796354
89,0142/001_2018,297.58708487084857,297.58708487084857,297.58708487084857,0.0,37.79902076538358,-122.40149903525612
90,0261/017-B_2018,299.2812398312731,300.886913580247,297.58708487084857,1.6329917088349146,37.792602350909085,-122.40043886370404
91,0261/017-A_2018,299.2812398312731,300.886913580247,297.58708487084857,1.6329917088349146,37.792602350909085,-122.40043886370404
92,3747/320_2018,298.7455387528398,298.7633948339484,298.7633948339484,0.0,37.78732243310903,-122.39222370647796
93,0134/001_2018,297.78960832346996,297.58708487084857,297.58708487084857,0.0,37.79979772821424,-122.40286504339484
94,0307/001_2018,301.3270042194094,301.3270042194094,301.3270042194094,0.0,37.78775531306896,-122.40878221453217
95,5203/041_2018,302.72939393939384,302.72939393939384,302.72939393939384,0.0,37.74322469761157,-122.3853429743672
96,0255/002_2018,301.3242265869578,301.3270042194094,301.3270042194094,0.0,37.791404953704046,-122.4102482176366
97,0571/005_2018,301.12521739130426,301.12521739130426,301.12521739130426,4.404832986371046e-06,37.79621512327742,-122.42273698535412
98,3531/028_2018,303.26286821705406,303.26286821705406,303.26286821705406,0.0,37.769509957362814,-122.41944885999251
99,2019/016_2018,299.7259047619045,299.7259047619045,299.7259047619045,4.404832986371046e-06,37.75412757151398,-122.48881953507929
100,3701/060_2018,302.3830830039525,302.3830830039525,302.3830830039525,3.4119689598080286e-06,37.77757037302997,-122.41427374237144
101,0057/001_2018,297.06386100386106,297.06386100386106,297.06386100386106,0.0,37.80527223184168,-122.40458340536895
102,3966/002_2018,304.5536964980545,304.5536964980545,304.5536964980545,0.0,37.76457166652054,-122.41184520994553
103,3508/039_2018,301.9290405479654,301.88266666666686,301.88266666666686,0.0,37.77629247397648,-122.41624527871105
104,3706/074_2018,301.3270042194094,301.3270042194094,301.3270042194094,0.0,37.786527347573085,-122.40310005999407
105,3774/025_2018,292.75966639207877,298.7633948339484,291.9657370517929,2.7190631128643283,37.78322654874049,-122.39121859488336
106,3789/007_2018,291.9657370517929,291.9657370517929,291.9657370517929,0.0,37.781688989144186,-122.39106181657436
107,3736/183_2018,298.7633948339484,298.7633948339484,298.7633948339484,0.0,37.78798866274369,-122.39610066856972
108,3740/034_2018,293.15658536585374,293.15658536585374,293.15658536585374,0.0,37.79034615192895,-122.39221431981032
109,3785/009_2018,302.8579353942626,303.47214007782117,299.36666666666673,1.7777221343105902,37.7752272531252,-122.39963075697526
110,4231/002_2018,300.4886642599278,300.4886642599278,300.4886642599278,0.0,37.754825117759935,-122.38743433595413
111,3903/004_2018,303.9268679245282,303.9268679245282,303.9268679245282,0.0,37.76908714189881,-122.411527667005
112,0111/002_2018,297.06386100386106,297.06386100386106,297.06386100386106,0.0,37.80078348620171,-122.40089090641926
113,2346/014_2018,300.2082296650717,300.2082296650717,300.2082296650717,0.0,37.74335874340957,-122.47429147476429
114,3774/067_2018,292.51246555974103,291.9657370517929,291.9657370517929,0.0,37.783171118885726,-122.39290104773076
115,3794/025_2018,300.33751824817534,300.33751824817534,300.33751824817534,0.0,37.77925248814455,-122.39136858257568
116,3751/105_2018,300.33751824817534,300.33751824817534,300.33751824817534,0.0,37.782181600598655,-122.40037465641592
117,0208/024_2018,298.1963768263317,297.58708487084857,297.58708487084857,0.0,37.795143034056736,-122.40431166314386
118,0313/017_2018,301.3270042194094,301.3270042194094,301.3270042194094,0.0,37.78697967564066,-122.40595335488524
119,6635/055_2018,302.67317829457386,302.67317829457386,302.67317829457386,0.0,37.74321282150719,-122.4221897345733
120,0207/032_2018,297.58708487084857,297.58708487084857,297.58708487084857,0.0,37.79515656243259,-122.40273226947156
121,3701/065_2018,302.3830830039525,302.3830830039525,302.3830830039525,0.0,37.7775219478272,-122.41542597835176
122,3707/063_2018,301.3172843733982,301.3270042194094,301.3270042194094,0.0,37.78676080494212,-122.4019742311548
123,3786/014_2018,303.47214007782117,303.47214007782117,303.47214007782117,0.0,37.77683963606268,-122.39608033707565
124,0239/026_2018,300.6656422673719,300.886913580247,300.886913580247,3.4119689598080286e-06,37.79339299061543,-122.4023135038874
125,0022/010_2018,299.8510077519379,299.8510077519379,299.8510077519379,3.4119689598080286e-06,37.80673842212645,-122.41682695492143
126,3735/013_2018,301.2919206110062,301.3270042194094,301.3270042194094,0.0,37.7846274084315,-122.39845774848224
127,5211/033_2018,302.72939393939384,302.72939393939384,302.72939393939384,0.0,37.74572923643669,-122.3877976497432
128,5211/032_2018,302.72939393939384,302.72939393939384,302.72939393939384,0.0,37.74572923643669,-122.3877976497432
129,0204/021_2018,297.58708487084857,297.58708487084857,297.58708487084857,0.0,37.79560696497556,-122.39922677439066
130,3704/001_2018,302.04737603836276,303.47214007782117,301.4089682539681,0.8933796059116577,37.783470080242765,-122.40804073444974
131,0326/011_2018,301.3270042194094,301.3270042194094,301.3270042194094,0.0,37.78569667381283,-122.40927445052657
132,3776/115_2018,300.33751824817534,300.33751824817534,300.33751824817534,0.0,37.78081472230336,-122.39579059099506
133,3733/079-B_2018,302.438645949829,303.47214007782117,300.33751824817534,1.5673109148278883,37.78168091167837,-122.404102313125
134,3733/079-A_2018,302.438645949829,303.47214007782117,300.33751824817534,1.5673109148278883,37.78168091167837,-122.404102313125
135,3722/257_2018,301.3270042194094,301.3270042194094,301.3270042194094,0.0,37.78629049376184,-122.4013751962597
136,0259/029_2018,300.886913580247,300.886913580247,300.886913580247,0.0,37.79226164849787,-122.40348595426144
137,0259/026_2018,300.886913580247,300.886913580247,300.886913580247,0.0,37.79226164849787,-122.40348595426144
138,0646/016_2018,301.4089682539681,301.4089682539681,301.4089682539681,0.0,37.78982967594954,-122.4216748828865
139,3575/091_2018,304.79952569169944,304.79952569169944,304.79952569169944,4.404832986371046e-06,37.76317463219725,-122.41900951358808
140,5246/052_2018,302.72939393939384,302.72939393939384,302.72939393939384,0.0,37.74584778989105,-122.3958703889294
141,3747/094_2018,293.8411705784062,293.15658536585374,293.15658536585374,0.0,37.7876020561825,-122.39191071083395
142,1355/011_2018,299.1223111111112,299.1223111111112,299.1223111111112,0.0,37.787336581381645,-122.4597932019121
143,3769/002A_2018,293.15658536585374,293.15658536585374,293.15658536585374,0.0,37.78893451714679,-122.3887832864
144,3732/562_2018,303.47214007782117,303.47214007782117,303.47214007782117,0.0,37.78054891549203,-122.4044979424156
145,3710/018_2018,293.15658536585374,293.15658536585374,293.15658536585374,0.0,37.79123863397594,-122.39645739908738
146,0628/013_2018,301.1990476190477,301.1990476190477,301.1990476190477,0.0,37.79052567315423,-122.43214036855986
147,5314/001_2018,303.3085057471263,303.3085057471263,303.3085057471263,0.0,37.73830203464728,-122.39603614571048
148,0344/010_2018,303.47214007782117,303.47214007782117,303.47214007782117,4.404832986371046e-06,37.78264902168953,-122.41294236266236
149,3708/056_2018,298.7633948339484,298.7633948339484,298.7633948339484,0.0,37.79040673348983,-122.3992758846584
150,3912/003_2018,303.88638783269977,303.88638783269977,303.88638783269977,0.0,37.769532689168855,-122.4025286700357
151,0688/001_2018,301.1990476190477,301.1990476190477,301.1990476190477,0.0,37.78679180147209,-122.42544925388168
152,3721/119_2018,298.7633948339484,298.7633948339484,298.7633948339484,0.0,37.78849726345933,-122.39667702442308
153,1076/034_2018,300.326125271834,301.27240816326537,300.0651260504202,0.5691182458577253,37.78479263754386,-122.44035687415126
154,3735/059_2018,301.3270042194094,301.3270042194094,301.3270042194094,0.0,37.78505019972477,-122.39981703553936
155,0304/020_2018,301.4089682539681,301.4089682539681,301.4089682539681,0.0,37.787046632238905,-122.41403281562066
156,3914/001_2018,303.9055899275415,303.9268679245282,303.88638783269977,0.020240046404693932,37.76839652907639,-122.40246930185262
157,3709/014_2018,296.64727642179656,298.7633948339484,293.15658536585374,2.8034047340494084,37.79112129648983,-122.3981252939202
158,4793/003_2018,303.2790874524713,303.2790874524713,303.2790874524713,4.825252777356536e-06,37.72594655478451,-122.38266454481136
159,3580/080_2018,302.90023437499997,302.90023437499997,302.90023437499997,0.0,37.76239739300046,-122.43024390994704
160,0229/003_2018,297.58708487084857,297.58708487084857,297.58708487084857,0.0,37.79428947704215,-122.40078475025796
161,3761/002_2018,302.1763589048207,303.47214007782117,300.33751824817534,1.5673109148278883,37.77971765260613,-122.40054211859903
162,5431A/016-A_2018,302.3990697674418,302.3990697674418,302.3990697674418,0.0,37.72653313052653,-122.40006555901796
163,3750/079_2018,298.7747382383088,298.7633948339484,298.7633948339484,0.0,37.78447120642976,-122.39718149117928
164,0832/067_2018,301.88266666666686,301.88266666666686,301.88266666666686,0.0,37.77561060868048,-122.4234297534728
165,3936/003_2018,303.8853405835909,303.9268679245282,303.8803100775194,0.020160138385598853,37.76642498997941,-122.40334170511515
166,3973/001_2018,304.5536964980545,304.5536964980545,304.5536964980545,0.0,37.76415599335341,-122.40791023810334
167,0173/001_2018,297.58708487084857,297.58708487084857,297.58708487084857,0.0,37.79749750723951,-122.40031841982112
168,0813/007_2018,302.2064654731457,302.3830830039525,301.88266666666686,0.245152937136264,37.77722361221247,-122.41736136122698
169,3754/017_2018,302.3830830039525,302.3830830039525,302.3830830039525,0.0,37.77604066888284,-122.40608263266698
170,3721/089_2018,298.7633948339484,298.7633948339484,298.7633948339484,0.0,37.78807978126032,-122.39914428912876
171,0833/003_2018,301.88266666666686,301.88266666666686,301.88266666666686,0.0,37.77538055375136,-122.4218321412906
172,3774/008_2018,298.7633948339484,298.7633948339484,298.7633948339484,0.0,37.78383432103729,-122.39206309291666
173,3958/006_2018,303.8803100775194,303.8803100775194,303.8803100775194,0.0,37.76567396906219,-122.4041560612891
174,0814/022_2018,301.88266666666686,301.88266666666686,301.88266666666686,0.0,37.77679176270006,-122.41832847593332
175,3923/006_2018,303.9031536492613,303.9268679245282,303.9268679245282,0.0,37.767561985077926,-122.4111420260856
176,0239/030_2018,297.6666947311477,297.58708487084857,297.58708487084857,0.0,37.79369157122899,-122.40172285672742
177,0235/022_2018,297.58708487084857,297.58708487084857,297.58708487084857,0.0,37.794053197953794,-122.39734769199109
178,4316/002_2018,303.53618320610667,303.53618320610667,303.53618320610667,0.0,37.750452790287945,-122.38902035302668
179,3529/051_2018,303.5312587045004,303.9268679245282,303.26286821705406,0.33199985376310664,37.76903693031091,-122.41403461232564
180,0084/008_2018,297.06386100386106,297.06386100386106,297.06386100386106,0.0,37.80286114714826,-122.40226700624088
181,4083/002_2018,304.79952569169944,304.79952569169944,304.79952569169944,0.0,37.75942921966527,-122.41206053625147
182,0260/010_2018,300.886913580247,300.886913580247,300.886913580247,0.0,37.79234639910279,-122.40238532358562
183,9900/278_2018,291.77057238582944,290.91198443579765,290.91198443579765,0.0,37.79411704311017,-122.39216326195904
184,3514/022_2018,303.26286821705406,303.26286821705406,303.26286821705406,0.0,37.77049395362264,-122.41912370438654
185,3751/169_2018,300.33751824817534,300.33751824817534,300.33751824817534,0.0,37.78204910845075,-122.39957687452208
186,0285/006_2018,301.3270042194094,301.3270042194094,301.3270042194094,0.0,37.78965674282338,-122.4078343400912
187,4570/031_2018,299.62007272727277,299.62007272727277,299.62007272727277,4.404832986371046e-06,37.74016285972578,-122.37762209945411
188,3714/019_2018,297.58708487084857,297.58708487084857,297.58708487084857,0.0,37.79376580940998,-122.39331974976658
189,0295/007_2018,301.3270042194094,301.3270042194094,301.3270042194094,0.0,37.78862123235746,-122.4080689076724
190,0018/005_2018,297.06386100386106,297.06386100386106,297.06386100386106,0.0,37.807374546503,-122.409498312566
191,3920/001_2018,303.9268679245282,303.9268679245282,303.9268679245282,0.0,37.76807589905084,-122.40828959609487
192,3748/390_2018,298.7633948339484,298.7633948339484,298.7633948339484,0.0,37.7870668098953,-122.39297679986896
193,3786/014B_2018,303.47214007782117,303.47214007782117,303.47214007782117,4.404832986371046e-06,37.77661814998596,-122.39635936848438
194,3593/001_2018,304.79952569169944,304.79952569169944,304.79952569169944,4.404832986371046e-06,37.76029062620603,-122.41320041505402
195,3735/062_2018,298.7633948339484,298.7633948339484,298.7633948339484,4.404832986371046e-06,37.78545549584106,-122.39801740626244
196,5587/003_2018,303.3085057471263,303.3085057471263,303.3085057471263,0.0,37.74025708082683,-122.40098857004271
197,0700/018_2018,301.1990476190477,301.1990476190477,301.1990476190477,0.0,37.78542182374412,-122.4285485336743
198,3712/025_2018,297.58708487084857,297.58708487084857,297.58708487084857,0.0,37.7928408688593,-122.39535932476996
199,3727/202_2018,302.3830830039525,302.3830830039525,302.3830830039525,0.0,37.776807746762735,-122.41147431653204
200,0312/009_2018,301.3270042194094,301.3270042194094,301.3270042194094,0.0,37.78743161726269,-122.4043714285332
201,3807/001_2018,303.88638783269977,303.88638783269977,303.88638783269977,0.0,37.76982894660691,-122.40010114403664
202,3708/174_2018,298.7633948339484,298.7633948339484,298.7633948339484,4.404832986371046e-06,37.78990403436664,-122.3999125063293
203,3918/010_2018,303.9268679245282,303.9268679245282,303.9268679245282,0.0,37.76741760171865,-122.40621585227188
204,3641/070_2018,304.1786100386102,304.1786100386102,304.1786100386102,0.0,37.75329670274832,-122.41585008755462
205,0295/016_2018,301.3270042194094,301.3270042194094,301.3270042194094,0.0,37.788910163294815,-122.40719603499478
206,3721/001_2018,298.7633948339484,298.7633948339484,298.7633948339484,0.0,37.78948763263012,-122.39759340918272
207,3788/041_2018,300.33751824817534,300.33751824817534,300.33751824817534,4.404832986371046e-06,37.779561338778855,-122.39303976839985
208,3721/120_2018,298.7633948339484,298.7633948339484,298.7633948339484,4.404832986371046e-06,37.7884461707073,-122.3986412421405
209,3735/063_2018,298.7633948339484,298.7633948339484,298.7633948339484,4.404832986371046e-06,37.78631981150843,-122.39823507459867
210,0228/038_2018,297.58708487084857,297.58708487084857,297.58708487084857,0.0,37.79471013385768,-122.40194964211749
211,3719/018_2018,293.15658536585374,293.15658536585374,293.15658536585374,0.0,37.789884143548015,-122.39489272958352
212,4017/005_2018,304.5536964980545,304.5536964980545,304.5536964980545,0.0,37.761971030191965,-122.41064650292068
213,3708/096_2018,298.7633948339484,298.7633948339484,298.7633948339484,4.404832986371046e-06,37.78887747228844,-122.40028195945028
214,3708/028_2018,298.7633948339484,298.7633948339484,298.7633948339484,4.404832986371046e-06,37.78937325551394,-122.39966584493492
215,0691/021_2018,301.4089682539681,301.4089682539681,301.4089682539681,0.0,37.787353476832166,-122.4211893683425
216,5598/030_2018,302.89959543971577,303.3085057471263,302.6079389312978,0.33025036408381697,37.74171784331124,-122.40541797810393
217,0240/020_2018,300.886913580247,300.886913580247,300.886913580247,0.0,37.79323419601495,-122.40366734877844
218,1596/042_2018,295.5076699029127,295.5076699029127,295.5076699029127,3.114687274657158e-06,37.774536457754685,-122.50979513959707
219,3785/002A_2018,303.3317820124826,303.47214007782117,303.47214007782117,0.0,37.77529981557294,-122.39805774967265
220,3735/005_2018,298.7633948339484,298.7633948339484,298.7633948339484,4.404832986371046e-06,37.78604250066753,-122.3985561846769
221,3903/002_2018,303.9268679245282,303.9268679245282,303.9268679245282,0.0,37.76866324895073,-122.4113219220994
222,3709/019_2018,297.19124225062,298.7633948339484,293.15658536585374,2.6430753304769654,37.790539887627965,-122.39757544278312
223,3788/131_2018,300.33751824817534,300.33751824817534,300.33751824817534,4.404832986371046e-06,37.77973434726128,-122.39251099407085
224,3518/045_2018,303.9268679245282,303.9268679245282,303.9268679245282,0.0,37.773749282628245,-122.41248232681394
225,3780/078_2018,303.88638783269977,303.88638783269977,303.88638783269977,0.0,37.77256170310951,-122.40447402383629
226,0743/203_2018,302.3830830039525,302.3830830039525,302.3830830039525,0.0,37.78211720895784,-122.42130357963958
227,3708/095_2018,298.7633948339484,298.7633948339484,298.7633948339484,0.0,37.78886472899511,-122.39935935102702
228,3786/104_2018,300.3421212170882,300.33751824817534,300.33751824817534,4.404832986371046e-06,37.77723265071129,-122.395578063022
229,4043/016_2018,299.8885925925928,299.8885925925928,299.8885925925928,0.0,37.76208211581067,-122.3902330386802
230,0141/011_2018,296.73410026844977,297.58708487084857,297.58708487084857,0.0,37.79897262860732,-122.40057949511832
231,0292/004_2018,298.7633948339484,298.7633948339484,298.7633948339484,0.0,37.78920347755653,-122.40322265856348
232,3932/017_2018,303.9268679245282,303.9268679245282,303.9268679245282,0.0,37.76688211690469,-122.40713746407526
233,0671/002_2018,301.4089682539681,301.4089682539681,301.4089682539681,0.0,37.78774065234799,-122.42230909487508
234,3722/081_2018,301.3270042194094,301.3270042194094,301.3270042194094,0.0,37.78546629504633,-122.40045377421389
235,4229/003_2018,300.4886642599278,300.4886642599278,300.4886642599278,4.404832986371046e-06,37.75452556430017,-122.38940748201564
236,0059/003_2018,297.06386100386106,297.06386100386106,297.06386100386106,0.0,37.804155679746565,-122.40469571608658
237,0291/012_2018,298.7633948339484,298.7633948339484,298.7633948339484,0.0,37.78980766741489,-122.40176691341588
238,3774/073_2018,291.9657370517929,291.9657370517929,291.9657370517929,4.404832986371046e-06,37.78262747908506,-122.39176553798283
239,0811/022_2018,301.88266666666686,301.88266666666686,301.88266666666686,0.0,37.777669920518925,-122.418871713921
240,3912/002_2018,303.88638783269977,303.88638783269977,303.88638783269977,0.0,37.76897271678559,-122.40247802273498
241,3754/058_2018,303.47214007782117,303.47214007782117,303.47214007782117,0.0,37.77773527966113,-122.40589987755762
242,3180/005_2018,300.3006034482757,300.3006034482757,300.3006034482757,0.0,37.72375472355622,-122.45373251678036
243,0340/001_2018,301.4089682539681,301.4089682539681,301.4089682539681,0.0,37.78402856372819,-122.4096075668698
244,6950/004_2018,300.3006034482757,300.3006034482757,300.3006034482757,0.0,37.72270427158995,-122.4440640693886
245,3526/013_2018,303.9268679245282,303.9268679245282,303.9268679245282,0.0,37.770069515131496,-122.4076182838774
246,3708/043_2018,298.7633948339484,298.7633948339484,298.7633948339484,0.0,37.78931787275106,-122.400654589595
247,3710/020_2018,297.34094600946,297.58708487084857,297.58708487084857,0.0,37.79177800328146,-122.39751708693414
248,3710/017_2018,293.15658536585374,293.15658536585374,293.15658536585374,0.0,37.79088547734885,-122.3966858752776
249,3768/016_2018,293.15658536585374,293.15658536585374,293.15658536585374,0.0,37.787579625856,-122.38845789894224
250,0264/004_2018,297.58708487084857,297.58708487084857,297.58708487084857,0.0,37.79321374586126,-122.3970430360494
251,3572/002_2018,304.5536964980545,304.5536964980545,304.5536964980545,4.404832986371046e-06,37.76452731850527,-122.41362833663928
252,0143/002_2018,297.58708487084857,297.58708487084857,297.58708487084857,0.0,37.79868326216197,-122.40263969842074
253,3717/019_2018,293.15658536585374,293.15658536585374,293.15658536585374,0.0,37.79135184127628,-122.39311043004147
254,3710/019_2018,293.15658536585374,293.15658536585374,293.15658536585374,0.0,37.79124240905095,-122.39713339775172
255,3701/066_2018,302.3830830039525,302.3830830039525,302.3830830039525,0.0,37.777097284611024,-122.41510265119612
256,4023/003_2018,304.5536964980545,304.5536964980545,304.5536964980545,0.0,37.76115213509767,-122.4095773265347
257,0297/028_2018,301.3270042194094,301.3270042194094,301.3270042194094,0.0,37.78832421841016,-122.410472299584
258,0140/001_2018,290.91198443579765,290.91198443579765,290.91198443579765,0.0,37.79950572964256,-122.39918297610406
259,0135/003_2018,292.3240249124431,297.58708487084857,290.91198443579765,3.337550217524389,37.799766381343765,-122.40165239913256
260,0236/017_2018,297.58708487084857,297.58708487084857,297.58708487084857,0.0,37.793949066610544,-122.3980619629178
261,3549/083_2018,303.26286821705406,303.26286821705406,303.26286821705406,4.404832986371046e-06,37.76785245504984,-122.41610489238997
262,3729/086_2018,302.3830830039525,302.3830830039525,302.3830830039525,0.0,37.77532412168368,-122.41214492944852
263,3788/021_2018,300.33751824817534,300.33751824817534,300.33751824817534,0.0,37.78024176734456,-122.3935597074231
264,7080/024_2018,299.5395744680851,299.5395744680851,299.5395744680851,0.0,37.71746604592333,-122.4719722059892
265,3787/028_2018,300.33751824817534,300.33751824817534,300.33751824817534,0.0,37.77775523035364,-122.39480782446982
266,6083/006_2018,301.1125981791557,301.13852173913045,301.13852173913045,0.0,37.7239231185358,-122.43492459361804
267,0285/020_2018,301.3270042194094,301.3270042194094,301.3270042194094,0.0,37.78954796944609,-122.40830349841649
268,3748/031_2018,298.7633948339484,298.7633948339484,298.7633948339484,0.0,37.78656276674242,-122.39301419466038
269,0707/043_2018,301.4539972789117,301.27240816326537,301.27240816326537,0.0,37.78348073309072,-122.43331591957156
270,0250/001_2018,301.32932266963815,301.3270042194094,301.3270042194094,0.0,37.79061620006192,-122.41782084290664
271,0345/031_2018,303.4101167268806,303.47214007782117,303.47214007782117,0.0,37.7820994428152,-122.41427284413706
272,4007/002_2018,303.8803100775194,303.8803100775194,303.8803100775194,0.0,37.76268134826068,-122.40090929758216
273,0012/001_2018,299.8510077519379,299.8510077519379,299.8510077519379,0.0,37.8078874678031,-122.416099864063
274,3784/088_2018,303.88638783269977,303.88638783269977,303.88638783269977,0.0,37.77230927218345,-122.4017721727306
275,0165/021_2018,297.58708487084857,297.58708487084857,297.58708487084857,0.0,37.79829923287984,-122.40162899055755
276,1015/054_2018,299.1223111111112,299.1223111111112,299.1223111111112,0.0,37.786185641185824,-122.45759803246168
277,1228/005_2018,298.6591416309013,298.6591416309013,298.6591416309013,0.0,37.76955440823466,-122.452850015196
278,0332/001_2018,301.4089682539681,301.4089682539681,301.4089682539681,0.0,37.78475358595881,-122.4114360132148
279,0323/015_2018,301.4089682539681,301.4089682539681,301.4089682539681,0.0,37.78498084100387,-122.41413457017627
280,0288/032_2018,298.7633948339484,298.7633948339484,298.7633948339484,0.0,37.790591995288885,-122.40305688387112
281,0166/001_2018,297.58708487084857,297.58708487084857,297.58708487084857,0.0,37.79839981795666,-122.40016723057822
282,3707/064_2018,298.7633948339484,298.7633948339484,298.7633948339484,0.0,37.78745786259691,-122.40130989854975
283,3780/004D_2018,303.88638783269977,303.88638783269977,303.88638783269977,0.0,37.77299630474769,-122.40374202192189
284,0163/005_2018,297.58708487084857,297.58708487084857,297.58708487084857,0.0,37.79750945531926,-122.40406962599604
285,0757/029_2018,301.88266666666686,301.88266666666686,301.88266666666686,0.0,37.78026056316624,-122.42955536214612
286,5241/018_2018,299.62007272727277,299.62007272727277,299.62007272727277,4.404832986371046e-06,37.74014573339909,-122.3859472920524
287,3789/009_2018,291.9657370517929,291.9657370517929,291.9657370517929,4.404832986371046e-06,37.782080728630135,-122.39123950238414
288,0682/006_2018,301.27240816326537,301.27240816326537,301.27240816326537,0.0,37.78551122323283,-122.43553749619686
289,3704/068_2018,303.47214007782117,303.47214007782117,303.47214007782117,0.0,37.78228078601742,-122.40953118820734
290,0196/023_2018,297.58708487084857,297.58708487084857,297.58708487084857,0.0,37.79596015597511,-122.40208089901752
291,3572/020A_2018,304.5536964980545,304.5536964980545,304.5536964980545,0.0,37.764978489702656,-122.41449887169732
292,0283/022_2018,301.3270042194094,301.3270042194094,301.3270042194094,0.0,37.789192673961054,-122.41112215903654
293,3735/046_2018,298.7633948339484,298.7633948339484,298.7633948339484,0.0,37.78565481923071,-122.39839225833929
294,0327/026_2018,301.3270042194094,301.3270042194094,301.3270042194094,0.0,37.78618848933479,-122.40763290544088
295,0013/005_2018,299.8510077519379,299.8510077519379,299.8510077519379,0.0,37.80759926010946,-122.41532078247604
296,3555/063_2018,304.79952569169944,304.79952569169944,304.79952569169944,0.0,37.76540910288772,-122.42241662645246
297,3741/032_2018,293.15658536585374,293.15658536585374,293.15658536585374,0.0,37.79118511476412,-122.39179095493851
298,1071/001_2018,300.7789389268575,301.3193650793652,300.0651260504202,0.6271195144699506,37.7833557244408,-122.44775446065051
299,3706/047_2018,301.3270042194094,301.3270042194094,301.3270042194094,0.0,37.78564655510619,-122.40526487797328
300,0742/014_2018,302.3830830039525,302.3830830039525,302.3830830039525,0.0,37.78276767858876,-122.41956457811418
301,0267/004_2018,298.7824227797038,298.7633948339484,298.7633948339484,0.0,37.79156895553641,-122.39996360521832
302,4851/023_2018,299.3482656826568,299.3482656826568,299.3482656826568,0.0,37.72359232365299,-122.38848345306924
303,0238/001_2018,297.58708487084857,297.58708487084857,297.58708487084857,0.0,37.79386287004268,-122.4003737360744
304,5250/014_2018,303.7998479087453,303.7998479087453,303.7998479087453,0.0,37.74345479449753,-122.3951056852775
305,5585/004_2018,303.3085057471263,303.3085057471263,303.3085057471263,0.0,37.74025701595328,-122.40226170752754
306,3529/050_2018,303.26286821705406,303.26286821705406,303.26286821705406,4.404832986371046e-06,37.76910910738409,-122.41505815682947
307,1438/029_2018,300.4404273504272,300.4404273504272,300.4404273504272,0.0,37.78221791215409,-122.46503198701105
308,3752/095_2018,303.47214007782117,303.47214007782117,303.47214007782117,4.404832986371046e-06,37.77961324237574,-122.40168159376292
309,0241/025_2018,300.886913580247,300.886913580247,300.886913580247,0.0,37.79293666472932,-122.40520723173653
310,0085/048_2018,297.06386100386106,297.06386100386106,297.06386100386106,0.0,37.8027159993331,-122.40342689404976
311,0166/008_2018,297.58708487084857,297.58708487084857,297.58708487084857,0.0,37.798326435510965,-122.40063640182204
312,0240/007_2018,300.886913580247,300.886913580247,300.886913580247,0.0,37.79296759311057,-122.40413957345574
313,0174/003_2018,297.58708487084857,297.58708487084857,297.58708487084857,0.0,37.79714744359194,-122.40116134046356
314,0141/002_2018,294.2806105398923,297.58708487084857,290.91198443579765,3.337550217524389,37.79927571221008,-122.40059043596132
315,0336/030_2018,302.3830830039525,302.3830830039525,302.3830830039525,0.0,37.782759544006666,-122.41657251423702
316,0206/008_2018,297.58708487084857,297.58708487084857,297.58708487084857,0.0,37.79514093281004,-122.40119427479208
317,0315/022_2018,301.3270042194094,301.3270042194094,301.3270042194094,0.0,37.786972558151554,-122.40902942461008
318,3736/029_2018,298.7633948339484,298.7633948339484,298.7633948339484,4.404832986371046e-06,37.78596075174906,-122.39681734984968
319,1232/042_2018,299.8092682926829,299.8092682926829,299.8092682926829,0.0,37.77076068243651,-122.44630071665205
320,0208/028_2018,297.58708487084857,297.58708487084857,297.58708487084857,0.0,37.795234987592046,-122.4036068364982
321,0315/011_2018,301.3270042194094,301.3270042194094,301.3270042194094,0.0,37.78659348024021,-122.4090648557314
322,6901/001A_2018,300.1385221674877,300.1385221674877,300.1385221674877,0.0,37.73044684006853,-122.47138627841544
323,0768/013_2018,302.2776822194388,302.3830830039525,302.3830830039525,0.0,37.78052026187276,-122.42238737697367
324,0237/014_2018,297.58708487084857,297.58708487084857,297.58708487084857,0.0,37.7939012637592,-122.39971700628874
325,0229/020_2018,297.58708487084857,297.58708487084857,297.58708487084857,0.0,37.79470207021695,-122.40067477180398
326,0296/006_2018,301.3270042194094,301.3270042194094,301.3270042194094,0.0,37.78849426886075,-122.40883047736278
327,3722/071_2018,298.7633948339484,298.7633948339484,298.7633948339484,0.0,37.7870415703618,-122.40042715583502
328,3592/015_2018,304.79952569169944,304.79952569169944,304.79952569169944,4.404832986371046e-06,37.76189215668253,-122.41441248114582
329,0295/008_2018,301.3270042194094,301.3270042194094,301.3270042194094,0.0,37.78898444018506,-122.40822614970546
330,5921/020_2018,302.3990697674418,302.3990697674418,302.3990697674418,0.0,37.73112859633268,-122.40887448439824
331,3717/021_2018,295.5507591368221,297.58708487084857,293.15658536585374,2.215249752499074,37.79175339085615,-122.39361386026069
332,0498/029_2018,298.7895219201869,299.022092050209,298.697751004016,0.16217052308424298,37.80154077881104,-122.42556146152216
333,0161/041_2018,297.59354246127793,297.58708487084857,297.58708487084857,0.0,37.79709288945127,-122.4074669608737
334,3504/047_2018,303.26286821705406,303.26286821705406,303.26286821705406,0.0,37.77271232817061,-122.42096641902356
335,3751/158_2018,300.33751824817534,300.33751824817534,300.33751824817534,0.0,37.78218149839918,-122.39846575395607
336,0642/003_2018,301.4089682539681,301.4089682539681,301.4089682539681,0.0,37.79081673744199,-122.42299497558854
337,3738/011_2018,293.15658536585374,293.15658536585374,293.15658536585374,0.0,37.7894977999381,-122.39426517778644
338,0135/007_2018,297.4949237208577,297.58708487084857,297.58708487084857,0.0,37.79968398368944,-122.4021184979181
339,3721/122_2018,298.7633948339484,298.7633948339484,298.7633948339484,4.404832986371046e-06,37.78886071538975,-122.39810923881194
340,0227/005_2018,300.886913580247,300.886913580247,300.886913580247,0.0,37.79412358057153,-122.40322320009072
341,3774/031_2018,291.9657370517929,291.9657370517929,291.9657370517929,4.404832986371046e-06,37.78226310407922,-122.39214260093148
342,3749/059_2018,298.7633948339484,298.7633948339484,298.7633948339484,0.0,37.785873430538295,-122.39374874118212
343,5414/021_2018,303.6673076923077,303.6673076923077,303.6673076923077,4.404832986371046e-06,37.728952070277366,-122.3948449116956
344,3905/003_2018,303.9268679245282,303.9268679245282,303.9268679245282,0.0,37.76855685375263,-122.4096139648741
345,0111/001_2018,297.06386100386106,297.06386100386106,297.06386100386106,0.0,37.80123672385635,-122.4007198350212
346,0327/001_2018,301.3270042194094,301.3270042194094,301.3270042194094,0.0,37.78646782383613,-122.4066290674536
347,3709/011_2018,298.7633948339484,298.7633948339484,298.7633948339484,0.0,37.79072598741868,-122.39823963184053
348,0262/021_2018,297.58708487084857,297.58708487084857,297.58708487084857,0.0,37.79299738742767,-122.39904350548356
349,3706/062_2018,301.3270042194094,301.3270042194094,301.3270042194094,0.0,37.78669085021641,-122.4039125973164
350,0236/019_2018,297.58708487084857,297.58708487084857,297.58708487084857,0.0,37.79367339561149,-122.39846350926469
351,0265/003_2018,297.58708487084857,297.58708487084857,297.58708487084857,0.0,37.79221742547456,-122.39816673392006
352,0240/003_2018,300.886913580247,300.886913580247,300.886913580247,0.0,37.79310375896233,-122.40317362314958
353,3709/008_2018,298.7633948339484,298.7633948339484,298.7633948339484,0.0,37.79016339874023,-122.39754345935576
354,0241/027_2018,300.886913580247,300.886913580247,300.886913580247,0.0,37.79310923922705,-122.40485815016424
355,3537/090_2018,301.93952191235076,301.93952191235076,301.93952191235076,0.0,37.76892919206063,-122.43097879765553
356,0349/021_2018,303.47214007782117,303.47214007782117,303.47214007782117,4.404832986371046e-06,37.781787153937046,-122.4125426374736
357,5414/031_2018,303.6673076923077,303.6673076923077,303.6673076923077,0.0,37.729005677864855,-122.3932664476681
358,0292/001_2018,298.7633948339484,298.7633948339484,298.7633948339484,0.0,37.78976014572264,-122.40252360680356
359,0238/002_2018,297.58708487084857,297.58708487084857,297.58708487084857,0.0,37.79344654293224,-122.4003436739801
360,3639/004_2018,304.1786100386102,304.1786100386102,304.1786100386102,0.0,37.754501889633545,-122.41243141968847
361,3702/044_2018,302.3830830039525,302.3830830039525,302.3830830039525,0.0,37.77935157570976,-122.41324697814257
362,0258/032_2018,300.886913580247,300.886913580247,300.886913580247,0.0,37.79235939348868,-122.40468558591786
363,3712/023_2018,297.58708487084857,297.58708487084857,297.58708487084857,0.0,37.79253600143368,-122.3945931977279
364,3571/015_2018,304.7384565446466,304.79952569169944,304.79952569169944,0.0,37.76432320464417,-122.41694828193174
365,3777/017_2018,300.33751824817534,300.33751824817534,300.33751824817534,0.0,37.77877340671342,-122.39771127290194
366,3560/013_2018,302.90023437499997,302.90023437499997,302.90023437499997,0.0,37.76489029163963,-122.4328272287973
367,0309/028_2018,301.3270042194094,301.3270042194094,301.3270042194094,0.0,37.78798649719466,-122.4054729161846
368,0292/009_2018,298.7633948339484,298.7633948339484,298.7633948339484,0.0,37.789607397201394,-122.40349560265416
369,0262/020_2018,297.58708487084857,297.58708487084857,297.58708487084857,0.0,37.79264073013118,-122.39897033191752
370,0176/016_2018,297.58708487084857,297.58708487084857,297.58708487084857,0.0,37.79692071488433,-122.40486169828534
371,0227/048_2018,299.0395735762675,300.886913580247,297.58708487084857,1.6499143546992836,37.79439333137351,-122.40343833453184
372,3717/022_2018,296.52491328325806,297.58708487084857,297.58708487084857,0.0,37.79188222445716,-122.39433905101042
373,3799/008_2018,303.88638783269977,303.88638783269977,303.88638783269977,0.0,37.770873216542135,-122.40236319634388
374,2901B/027_2018,298.45222222222225,298.45222222222225,298.45222222222225,0.0,37.74472519602422,-122.45228538932726
375,0676/072_2018,301.1990476190477,301.1990476190477,301.1990476190477,0.0,37.78679390166906,-122.43032499241409
376,1032/002_2018,300.0651260504202,300.0651260504202,300.0651260504202,0.0,37.78692283016577,-122.44708493028624
377,1517/037_2018,299.42368932038823,299.42368932038823,299.42368932038823,0.0,37.77966394156544,-122.48739822110907
378,0312/008_2018,301.3270042194094,301.3270042194094,301.3270042194094,0.0,37.78751117319303,-122.4047026650602
379,3722/080_2018,298.7633948339484,298.7633948339484,298.7633948339484,0.0,37.78661201700955,-122.40000549600605
380,0740/018_2018,301.1990476190477,301.1990476190477,301.1990476190477,0.0,37.78381919700791,-122.41900657589154
381,3707/062_2018,298.7633948339484,298.7633948339484,298.7633948339484,0.0,37.78866014416699,-122.40140602982495
382,3609/119_2018,304.1786100386102,304.1786100386102,304.1786100386102,0.0,37.75744035732158,-122.41937767957644
383,3717/012_2018,293.205703985643,293.15658536585374,293.15658536585374,0.0,37.791528271769984,-122.39400753014364
384,0192/041_2018,300.886913580247,300.886913580247,300.886913580247,0.0,37.79547299713729,-122.4089823198408
385,0242/005_2018,300.886913580247,300.886913580247,300.886913580247,0.0,37.79266851823733,-122.40655102808924
386,0761/061_2018,301.9818482830658,301.88266666666686,301.88266666666686,0.0,37.78091839538828,-122.42338342755828
387,0236/018_2018,297.58708487084857,297.58708487084857,297.58708487084857,0.0,37.79413762690725,-122.39858493162214
388,3639/004B_2018,304.1786100386102,304.1786100386102,304.1786100386102,0.0,37.75447644921537,-122.4128553624507
389,3750/008_2018,300.4205027024783,301.3270042194094,298.7633948339484,1.281804692733366,37.78382605006878,-122.39643828498568
390,3731/240_2018,302.3830830039525,302.3830830039525,302.3830830039525,0.0,37.77766325794109,-122.408424168468
391,2457/049_2018,299.7469607843135,299.7469607843135,299.7469607843135,0.0,37.73811270944376,-122.49727162225908
392,0289/003_2018,298.7633948339484,298.7633948339484,298.7633948339484,0.0,37.79048515919225,-122.400940441661
393,0262/013_2018,297.58708487084857,297.58708487084857,297.58708487084857,0.0,37.7929686063904,-122.3995136794382
394,0714/017_2018,301.1990476190477,301.1990476190477,301.1990476190477,0.0,37.785271962029135,-122.42260358469314
395,3785/002_2018,303.47214007782117,303.47214007782117,303.47214007782117,0.0,37.77558909472605,-122.39797690716344
396,4014/002_2018,304.5536964980545,304.5536964980545,304.5536964980545,0.0,37.76219694812463,-122.40756177236238
397,0715/009_2018,301.1990476190477,301.1990476190477,301.1990476190477,0.0,37.78549246099573,-122.4208626975172
398,0289/009_2018,298.7633948339484,298.7633948339484,298.7633948339484,0.0,37.790735824232506,-122.40196900262151
399,0326/023_2018,301.3270042194094,301.3270042194094,301.3270042194094,0.0,37.78572381876816,-122.4085124910318
400,3708/175_2018,298.7633948339484,298.7633948339484,298.7633948339484,0.0,37.78956498970549,-122.40034174120116
401,3722/007_2018,298.7633948339484,298.7633948339484,298.7633948339484,0.0,37.78696404983149,-122.39955985953766
402,0262/018_2018,297.58708487084857,297.58708487084857,297.58708487084857,0.0,37.7925249532036,-122.3994157812624
403,3777/042_2018,303.47214007782117,303.47214007782117,303.47214007782117,0.0,37.77762100548208,-122.39801002068567
404,2636/003_2018,298.5662135922331,298.5662135922331,298.5662135922331,0.0,37.75927168623895,-122.46237323480575
405,3715/013_2018,297.58708487084857,297.58708487084857,297.58708487084857,0.0,37.79239980957188,-122.39170804480976
406,3730/032_2018,302.3830830039525,302.3830830039525,302.3830830039525,0.0,37.77575724702912,-122.4105216710734
407,0310/021_2018,299.9363670527678,301.3270042194094,298.7633948339484,1.281804692733366,37.78855001953358,-122.4042800018452
408,3707/057_2018,301.3270042194094,301.3270042194094,301.3270042194094,0.0,37.78741044063374,-122.40303320640194
409,3519/067_2018,303.9268679245282,303.9268679245282,303.9268679245282,0.0,37.77312003032877,-122.41125772865568
410,4227/034_2018,303.53618320610667,303.53618320610667,303.53618320610667,0.0,37.75475764413539,-122.39120289993949
411,0135/001_2018,296.3262259237576,297.06386100386106,297.06386100386106,0.0,37.80019883057391,-122.40173811879102
412,0311/015_2018,298.7633948339484,298.7633948339484,298.7633948339484,0.0,37.78877873780674,-122.40257456751787
413,1443/016_2018,300.0866079295154,300.0866079295154,300.0866079295154,0.0,37.781130441861634,-122.469954859708
414,3654/041_2018,301.4342063492066,301.4342063492066,301.4342063492066,0.0,37.751866372924304,-122.43085190695083
415,3727/103_2018,302.3830830039525,302.3830830039525,302.3830830039525,0.0,37.77790100066549,-122.4119956552058
416,3526/011_2018,303.9268679245282,303.9268679245282,303.9268679245282,0.0,37.77037262660441,-122.40797447996816
417,0058/001_2018,297.06386100386106,297.06386100386106,297.06386100386106,0.0,37.80442719300637,-122.40304529675792
418,0348/007_2018,302.3830830039525,302.3830830039525,302.3830830039525,0.0,37.781127518876445,-122.41449959298308
419,2405/037_2018,299.9445283018867,299.9445283018867,299.9445283018867,0.0,37.74274343197151,-122.47708445970684
420,3729/006_2018,303.0007775622991,303.88638783269977,302.3830830039525,0.7516524143605218,37.77507526705935,-122.41056536932786
421,3705/007_2018,301.3270042194094,301.3270042194094,301.3270042194094,0.0,37.78440523248209,-122.40494520387875
422,3553/014_2018,304.56376660960143,304.5536964980545,304.5536964980545,0.0,37.76537222332101,-122.4182392608152
423,0761/029_2018,302.31124708205505,302.3830830039525,302.3830830039525,0.0,37.78133271497944,-122.42351539326502
424,3722/073_2018,298.7633948339484,298.7633948339484,298.7633948339484,0.0,37.78741447266507,-122.40002828054465
425,0112/001_2018,297.06386100386106,297.06386100386106,297.06386100386106,0.0,37.80112198458233,-122.4018920607419
426,3733/024_2018,303.47214007782117,303.47214007782117,303.47214007782117,0.0,37.7810391235904,-122.40303183275444
427,3775/042_2018,297.6025972089581,300.33751824817534,300.33751824817534,0.0,37.78173701328975,-122.39309639624209
428,0761/001_2018,302.3830830039525,302.3830830039525,302.3830830039525,0.0,37.78145238807985,-122.42257584664064
429,1608/018_2018,298.368,298.368,298.368,0.0,37.77548242914615,-122.49697517686572
430,1275/059_2018,298.6236290322579,298.6236290322579,298.6236290322579,0.0,37.7642349854701,-122.45622838046646
431,3794/015_2018,293.98506115946304,291.9657370517929,291.9657370517929,0.0,37.7802256788699,-122.39046553467854
432,3777/073_2018,303.47214007782117,303.47214007782117,303.47214007782117,0.0,37.77777115988512,-122.39781996897612
433,0165/022_2018,297.58708487084857,297.58708487084857,297.58708487084857,0.0,37.79788181209532,-122.40128462910975
434,3913/002_2018,303.90128050845885,303.9268679245282,303.88638783269977,0.020240045326244162,37.76783344246155,-122.40122523808128
435,0266/008_2018,298.38475338838765,297.58708487084857,297.58708487084857,0.0,37.79208537368112,-122.3993675249968
436,3794/021_2018,300.33751824817534,300.33751824817534,300.33751824817534,0.0,37.77962356334127,-122.39123625540589
437,3962/010_2018,304.5536964980545,304.5536964980545,304.5536964980545,0.0,37.76474162989643,-122.40813063454026
438,3705/039_2018,301.79926703118156,301.4089682539681,301.4089682539681,0.0,37.78350981398121,-122.40685148641948
439,3514/030_2018,303.26286821705406,303.26286821705406,303.26286821705406,0.0,37.771146528309664,-122.41919115498222
440,0112/008_2018,297.06386100386106,297.06386100386106,297.06386100386106,0.0,37.80057001282164,-122.4023252797456
441,1542/042_2018,300.4404273504272,300.4404273504272,300.4404273504272,0.0,37.78087042166433,-122.46074048642954
442,0311/005_2018,298.7633948339484,298.7633948339484,298.7633948339484,0.0,37.78847893289274,-122.40297170256538
443,3733/017_2018,300.33751824817534,300.33751824817534,300.33751824817534,0.0,37.78158076866191,-122.40231805154568
444,0299/005_2018,301.4034186057949,301.4089682539681,301.4089682539681,0.0,37.78785026454548,-122.41413950883506
445,3788/045_2018,300.33751824817534,300.33751824817534,300.33751824817534,0.0,37.779789588887134,-122.39349190781624
446,3510/001_2018,303.81956077188454,303.9268679245282,303.9268679245282,0.0,37.77490763214045,-122.41591982175326
447,0292/002_2018,298.7633948339484,298.7633948339484,298.7633948339484,0.0,37.78924954903801,-122.40241859588274
448,1724/038_2018,298.4952238805971,,,,37.76343173106496,-122.48514314249462
449,0343/001_2018,303.47214007782117,303.47214007782117,303.47214007782117,0.0,37.7828901372372,-122.41106240906808
450,3636/011_2018,304.1786100386102,304.1786100386102,304.1786100386102,0.0,37.75402855386605,-122.41897390771034
451,2842/008_2018,298.45222222222225,298.45222222222225,298.45222222222225,0.0,37.74658238854676,-122.45523284973748
452,3705/037_2018,301.3270042194094,301.3270042194094,301.3270042194094,0.0,37.78480268593145,-122.40607075403628
453,3786/016_2018,303.47214007782117,303.47214007782117,303.47214007782117,0.0,37.77604922718785,-122.39678756813906
454,4294/017_2018,303.53618320610667,303.53618320610667,303.53618320610667,0.0,37.75192353118037,-122.38933443132602
455,3786/027_2018,303.47214007782117,303.47214007782117,303.47214007782117,0.0,37.77729980358321,-122.39702031112812
456,3717/001_2018,297.58708487084857,297.58708487084857,297.58708487084857,0.0,37.792150563181714,-122.39399997274452
457,3763/007_2018,291.9657370517929,291.9657370517929,291.9657370517929,0.0,37.78304611240102,-122.39406659852553
458,0297/001_2018,301.3270042194094,301.3270042194094,301.3270042194094,0.0,37.78867837459384,-122.41045761975766
459,2385/046_2018,295.3223696682463,295.3223696682463,295.3223696682463,0.0,37.74179954194496,-122.49848008996062
460,3725/087_2018,303.47214007782117,303.47214007782117,303.47214007782117,0.0,37.78140975995253,-122.40754760928786
461,1068/001J_2018,300.7579757085021,300.7579757085021,300.7579757085021,0.0,37.78236832234007,-122.45046062533068
462,3703/076_2018,303.47214007782117,303.47214007782117,303.47214007782117,0.0,37.7815605559197,-122.41041775721531
463,3704/021_2018,303.47214007782117,303.47214007782117,303.47214007782117,0.0,37.781706695261,-122.40836326791332
464,0576/026_2018,301.2045097516549,301.2404098360656,301.2404098360656,0.0,37.794820082591805,-122.42522834965948
465,3725/015_2018,303.47214007782117,303.47214007782117,303.47214007782117,0.0,37.780912496490245,-122.40624762586224
466,0318/023_2018,301.4089682539681,301.4089682539681,301.4089682539681,0.0,37.78638280733933,-122.4136505550612
467,3763/015A_2018,300.33751824817534,300.33751824817534,300.33751824817534,0.0,37.78228638435379,-122.39519933119205
468,3534/057_2018,301.93952191235076,301.93952191235076,301.93952191235076,0.0,37.76920538396858,-122.42625048434223
469,0840/002_2018,303.26286821705406,303.26286821705406,303.26286821705406,0.0,37.7738836625064,-122.42605465128896
470,0294/011_2018,301.3270042194094,301.3270042194094,301.3270042194094,0.0,37.78880952108143,-122.40655174753778
471,0763/002_2018,302.3830830039525,302.3830830039525,302.3830830039525,0.0,37.78146284183416,-122.41910849012834
472,0312/031_2018,301.3270042194094,,,,37.78770728118722,-122.4038527325893
473,0349/014_2018,303.1847500166614,,,,37.78128943050656,-122.41317313434531
474,3703/029_2018,303.47214007782117,303.47214007782117,303.47214007782117,0.0,37.78092170037032,-122.40916383888867
475,3794/022_2018,300.33751824817534,300.33751824817534,300.33751824817534,0.0,37.779808802889285,-122.39100191100164
476,0668/002_2018,301.4089682539681,301.4089682539681,301.4089682539681,0.0,37.78911294701836,-122.41909261719074
477,0196/024_2018,297.58708487084857,297.58708487084857,297.58708487084857,0.0,37.79582564800628,-122.40252075381964
478,3580/196_2018,302.90023437499997,302.90023437499997,302.90023437499997,0.0,37.76163994418811,-122.4295735972916
479,3504/044_2018,303.26286821705406,303.26286821705406,303.26286821705406,0.0,37.77296345371432,-122.42143343752008
480,4000/053_2018,299.8885925925928,299.8885925925928,299.8885925925928,0.0,37.763462973528654,-122.39401294741764
481,0136/003_2018,290.91198443579765,290.91198443579765,290.91198443579765,0.0,37.79985460850813,-122.40046480011502
482,3570/039_2018,304.79952569169944,304.79952569169944,304.79952569169944,0.0,37.76403851082814,-122.41888134246166
483,1215/016_2018,301.93952191235076,301.93952191235076,301.93952191235076,0.0,37.77336406650154,-122.43787522670596
484,0508/028_2018,301.12521739130426,301.12521739130426,301.12521739130426,0.0,37.79996790051924,-122.4330145659702
485,0239/012_2018,300.886913580247,300.886913580247,300.886913580247,0.0,37.79347343376786,-122.40266675091677
486,0317/007_2018,301.4089682539681,301.4089682539681,301.4089682539681,0.0,37.786145836606536,-122.41240323282044
487,3511/031_2018,303.9268679245282,303.9268679245282,303.9268679245282,0.0,37.77304045352052,-122.41807346583948
488,0207/037_2018,297.58708487084857,297.58708487084857,297.58708487084857,0.0,37.79507075395589,-122.40182271787562
489,0040/018_2018,297.4632133737347,297.06386100386106,297.06386100386106,0.0,37.80561762669381,-122.41129581083962
490,0239/009_2018,300.886913580247,300.886913580247,300.886913580247,0.0,37.793148642088,-122.40256717541334
491,0642/001_2018,301.4089682539681,301.4089682539681,301.4089682539681,0.0,37.79100798030056,-122.4228524215918
492,0335/027_2018,301.4089682539681,301.4089682539681,301.4089682539681,0.0,37.78400801640922,-122.4169992829432
493,0175/030_2018,297.58708487084857,,,,37.797111187718144,-122.4023183333565
494,4005/007_2018,303.8803100775194,303.8803100775194,303.8803100775194,0.0,37.763463332554245,-122.39941830457144
495,3780/008_2018,303.88638783269977,303.88638783269977,303.88638783269977,0.0,37.772226088630696,-122.40609174052474
496,1493/001_2018,298.368,298.368,298.368,0.0,37.77942940664903,-122.50356458166596
497,3956/004_2018,303.8803100775194,303.8803100775194,303.8803100775194,0.0,37.76502301525239,-122.40227903030402
498,0164/031_2018,297.58708487084857,297.58708487084857,297.58708487084857,0.0,37.79796860657916,-122.40286340791924
499,0288/031_2018,298.7633948339484,298.7633948339484,298.7633948339484,0.0,37.79042731050304,-122.40248498916095
500,0509/009A_2018,301.2404098360656,301.2404098360656,301.2404098360656,0.0,37.79962371118063,-122.43570631142325
501,0670/012_2018,301.4089682539681,301.4089682539681,301.4089682539681,0.0,37.78790250527151,-122.42103454684684
502,3777/055_2018,300.33751824817534,300.33751824817534,300.33751824817534,0.0,37.77905112547714,-122.39830388020133
503,0938/016_2018,300.01463829787247,,,,37.79855729479426,-122.44391009313482
504,4909/032_2018,302.63555555555564,302.63555555555564,302.63555555555564,0.0,37.72151508950456,-122.3900605389488
505,0595/017_2018,301.12521739130426,301.12521739130426,301.12521739130426,0.0,37.79430680271722,-122.42227303725332
506,1064/032_2018,300.7579757085021,300.7579757085021,300.7579757085021,0.0,37.781761403526986,-122.45523269926024
507,0267/015_2018,300.69268930467086,300.886913580247,300.886913580247,0.0,37.791903723963785,-122.4002826037207
508,0165/007_2018,297.58708487084857,297.58708487084857,297.58708487084857,0.0,37.79778834658205,-122.40185848216905
509,4025/003B_2018,304.5536964980545,304.5536964980545,304.5536964980545,0.0,37.76086696435786,-122.40742983290662
510,0490/045_2018,298.43014583393915,297.8865546218489,297.8865546218489,0.0,37.8002418366656,-122.4385096421921
511,3708/040_2018,298.7633948339484,298.7633948339484,298.7633948339484,0.0,37.78973634818809,-122.39935204014036
512,0572/017_2018,301.12521739130426,301.12521739130426,301.12521739130426,0.0,37.79637195648996,-122.42150963116411
513,0278/019_2018,301.4089682539681,301.4089682539681,301.4089682539681,0.0,37.78961959878422,-122.41828652605042
514,0650/023_2018,301.1990476190477,301.1990476190477,301.1990476190477,0.0,37.78940321638604,-122.42748728808972
515,0293/010_2018,298.7633948339484,298.7633948339484,298.7633948339484,0.0,37.7894706802396,-122.40411311095392
516,5253/039_2018,302.5280337385692,302.99538461538475,302.99538461538475,0.0,37.74127875150326,-122.3893183965771
517,0643/003_2018,301.4089682539681,301.4089682539681,301.4089682539681,0.0,37.79084473571553,-122.42126337219082
518,0111/003_2018,297.06386100386106,297.06386100386106,297.06386100386106,0.0,37.80116108032644,-122.40131797759474
519,0113/006_2018,297.49530786888846,297.06386100386106,297.06386100386106,0.0,37.80048198329941,-122.40292210379526
520,1022/026_2018,300.0651260504202,300.0651260504202,300.0651260504202,0.0,37.78758815320786,-122.4465789869438
521,3726/013_2018,303.47214007782117,303.47214007782117,303.47214007782117,0.0,37.77946920468225,-122.4079219311849
522,3787/033_2018,300.33751824817534,300.33751824817534,300.33751824817534,0.0,37.77935001191716,-122.39472098645264
523,0235/025_2018,297.58708487084857,297.58708487084857,297.58708487084857,0.0,37.79412369307968,-122.39685154671972
524,0851/013_2018,303.26286821705406,303.26286821705406,303.26286821705406,0.0,37.77283583538807,-122.42696712588643
525,0339/014_2018,301.4089682539681,301.4089682539681,301.4089682539681,0.0,37.78373134073917,-122.41226101198436
526,0836/005_2018,302.86285149693475,303.9268679245282,301.88266666666686,1.0221006289215677,37.77505774854877,-122.4199658253914
527,3987/007_2018,299.8885925925928,299.8885925925928,299.8885925925928,0.0,37.76472624499197,-122.39452193883304
528,0331/018_2018,301.4089682539681,,,,37.78474840891587,-122.40976614569388
529,4108/003O_2018,303.8803100775194,303.8803100775194,303.8803100775194,0.0,37.759266465968594,-122.38879791058304
530,3787/024_2018,300.33751824817534,300.33751824817534,300.33751824817534,0.0,37.77814814044041,-122.39444068906865
531,0340/007_2018,301.4089682539681,301.4089682539681,301.4089682539681,0.0,37.78361263284679,-122.40988635798789
532,3508/024_2018,301.88266666666686,301.88266666666686,301.88266666666686,0.0,37.775871540003926,-122.41562249802963
533,0267/016_2018,300.886913580247,300.886913580247,300.886913580247,0.0,37.79191988328047,-122.40059760938644
534,2694/001_2018,301.0468774703556,301.0468774703556,301.0468774703556,0.0,37.76061319994258,-122.43641427346176
535,5583/012_2018,303.3085057471263,303.3085057471263,303.3085057471263,0.0,37.7398340402482,-122.40472449885432
536,3615/016_2018,304.1786100386102,,,,37.7556487623374,-122.41841140663828
537,3550/001_2018,303.26286821705406,303.26286821705406,303.26286821705406,0.0,37.76842515786872,-122.41371299584743
538,0740/045_2018,301.6758403914926,301.1990476190477,301.1990476190477,0.0,37.78344429836221,-122.4185649970904
539,0339/019_2018,301.4089682539681,301.4089682539681,301.4089682539681,0.0,37.78369554433581,-122.41122451662036
540,0491/028_2018,301.2404098360656,301.2404098360656,301.2404098360656,0.0,37.79997858288426,-122.43730521415212
541,2025/003B_2018,299.52137614678895,299.52137614678895,299.52137614678895,0.0,37.7542727494568,-122.4826408275244
542,0322/001_2018,301.4089682539681,301.4089682539681,301.4089682539681,0.0,37.78528286566922,-122.4147866079415
543,0229/018_2018,297.58708487084857,297.58708487084857,297.58708487084857,0.0,37.79464358808176,-122.401144484393
544,0295/006_2018,301.3270042194094,301.3270042194094,301.3270042194094,0.0,37.788672673852574,-122.40766264872272
545,3722/020_2018,298.7633948339484,298.7633948339484,298.7633948339484,0.0,37.78669450878687,-122.39889091935372
546,0343/008_2018,303.47214007782117,303.47214007782117,303.47214007782117,0.0,37.782447546460375,-122.41152753461245
547,0341/009_2018,301.4089682539681,,,,37.784131253394094,-122.40877124073604
548,3707/016_2018,298.7633948339484,,,,37.78742225394392,-122.40093194220178
549,3775/015_2018,300.33751824817534,300.33751824817534,300.33751824817534,0.0,37.78126470003031,-122.3932290407664
550,0522/019_2018,300.05570996528655,301.12521739130426,299.022092050209,1.0515626705535182,37.80006435521483,-122.4246803261899
551,0287/010_2018,298.7633948339484,298.7633948339484,298.7633948339484,0.0,37.78998762443022,-122.40481742660606
552,0344/004_2018,303.47214007782117,303.47214007782117,303.47214007782117,0.0,37.78223364476274,-122.41321914908744
553,3736/099_2018,298.7633948339484,298.7633948339484,298.7633948339484,0.0,37.7869048965844,-122.39747675265848
554,0271/027_2018,298.7633948339484,,,,37.79076416178897,-122.40612377679028
555,5273/014_2018,302.99538461538475,302.99538461538475,302.99538461538475,0.0,37.73885566883309,-122.38895486232096
556,0836/010_2018,303.9268679245282,303.9268679245282,303.9268679245282,0.0,37.77457776397167,-122.42053463216084
557,1078/072_2018,300.0651260504202,300.0651260504202,300.0651260504202,0.0,37.78369926000016,-122.43929347035876
558,0339/017_2018,301.4089682539681,,,,37.7839158102941,-122.41126913174791
559,2513/002_2018,296.41786407766983,,,,37.735761473141565,-122.50237164907448
560,0111/004_2018,297.06386100386106,297.06386100386106,297.06386100386106,0.0,37.80119350028541,-122.4010616248408
561,0315/003_2018,301.3270042194094,301.3270042194094,301.3270042194094,0.0,37.78675087747464,-122.40846681346022
562,3548/031_2018,303.26286821705406,303.26286821705406,303.26286821705406,0.0,37.7668907862931,-122.4195127115682
563,3786/015_2018,303.47214007782117,303.47214007782117,303.47214007782117,0.0,37.77627076423741,-122.39650600001823
564,3703/033_2018,303.47214007782117,303.47214007782117,303.47214007782117,0.0,37.78069439032245,-122.40966881312607
565,0294/013_2018,301.3270042194094,301.3270042194094,301.3270042194094,0.0,37.78915722521273,-122.40657169022566
566,0523/013_2018,301.12521739130426,301.12521739130426,301.12521739130426,0.0,37.79985531233636,-122.42351407568864
567,3572/023_2018,304.5536964980545,304.5536964980545,304.5536964980545,0.0,37.76437430363468,-122.4132654380512
568,3785/022_2018,299.36666666666673,299.36666666666673,299.36666666666673,0.0,37.77486963086229,-122.39891358531136
569,0025/014_2018,299.8510077519379,,,,37.80622437455021,-122.42167149441131
570,0294/008_2018,301.3270042194094,301.3270042194094,301.3270042194094,0.0,37.78887949480335,-122.40592080962804
571,0240/002_2018,300.886913580247,,,,37.793383736513896,-122.4032308504782
572,3727/014_2018,302.3830830039525,302.3830830039525,302.3830830039525,0.0,37.77765555687504,-122.410401545582
573,0293/007_2018,299.89658448984056,301.3270042194094,298.7633948339484,1.281804692733366,37.78893874063947,-122.40493925154962
574,3508/054_2018,302.3185131539802,302.3830830039525,302.3830830039525,0.0,37.77638707216222,-122.41544435777556
575,3704/022_2018,303.47214007782117,303.47214007782117,303.47214007782117,0.0,37.78158265867364,-122.40852017781984
576,0306/007_2018,301.3270042194094,,,,37.787339704624245,-122.41063212216866
577,1701/001A_2018,291.6264114832538,,,,37.762527407710365,-122.50949070627706
578,3731/001_2018,303.47214007782117,303.47214007782117,303.47214007782117,0.0,37.77937939120375,-122.40710157281949
579,0294/006_2018,301.3270042194094,,,,37.78893225837295,-122.40551265275477
580,4083/004_2018,304.79952569169944,304.79952569169944,304.79952569169944,0.0,37.760175477082825,-122.41204069284647
581,3776/151_2018,300.33751824817534,300.33751824817534,300.33751824817534,0.0,37.779651489214864,-122.39547727928436
582,0304/015_2018,301.4089682539681,301.4089682539681,301.4089682539681,0.0,37.7872621537268,-122.41425019474802
583,0268/017_2018,299.37342385561243,298.7633948339484,298.7633948339484,0.0,37.791582730998336,-122.40227553790434
584,3764/014_2018,298.7633948339484,298.7633948339484,298.7633948339484,0.0,37.784129920564325,-122.39441445768236
585,0309/023_2018,301.3270042194094,301.3270042194094,301.3270042194094,0.0,37.788302650311095,-122.4062568383338
586,0307/007_2018,301.3270042194094,301.3270042194094,301.3270042194094,0.0,37.78736889922633,-122.40963208679386
587,0309/001_2018,301.3270042194094,301.3270042194094,301.3270042194094,0.0,37.78840656752951,-122.40541373547602
588,3785/003_2018,303.47214007782117,,,,37.77534800550119,-122.39767569714547
589,3732/029_2018,303.47214007782117,303.47214007782117,303.47214007782117,0.0,37.779017001557136,-122.40555963319956
590,5242/001_2018,299.62007272727277,299.62007272727277,299.62007272727277,0.0,37.74126908528507,-122.38762635413346
591,3775/102_2018,300.33751824817534,,,,37.78156305887949,-122.39331619217664
592,3987/008_2018,299.8885925925928,299.8885925925928,299.8885925925928,0.0,37.76504293963941,-122.39452918662018
593,5981/011_2018,302.3990697674418,302.3990697674418,302.3990697674418,0.0,37.72902457427677,-122.40447961037869
594,3502/010_2018,303.26286821705406,303.26286821705406,303.26286821705406,0.0,37.77056774784013,-122.42286156436796
595,3727/001_2018,302.3830830039525,302.3830830039525,302.3830830039525,0.0,37.77876602478194,-122.4109186601205
596,3763/006_2018,291.9657370517929,291.9657370517929,291.9657370517929,0.0,37.78319488375634,-122.39425391401952
597,3726/152_2018,303.47214007782117,303.47214007782117,303.47214007782117,0.0,37.78040490972152,-122.40860322301477
598,0261/015_2018,297.58708487084857,297.58708487084857,297.58708487084857,0.0,37.79293965210169,-122.40020693976378
599,3728/048_2018,302.3830830039525,302.3830830039525,302.3830830039525,0.0,37.77571995388816,-122.41362811359124
600,0689/200_2018,301.1990476190477,301.1990476190477,301.1990476190477,0.0,37.78663783220045,-122.42362272526243
601,0228/010_2018,297.58708487084857,297.58708487084857,297.58708487084857,0.0,37.79411666988826,-122.40242362614656
602,0287/017_2018,298.7633948339484,298.7633948339484,298.7633948339484,0.0,37.79033372376131,-122.405301610372
603,3704/015_2018,303.47214007782117,303.47214007782117,303.47214007782117,0.0,37.78217085762068,-122.40777608459494
604,0163/008A_2018,297.58708487084857,297.58708487084857,297.58708487084857,0.0,37.79743297901912,-122.4046668914456
605,0161/039_2018,297.58708487084857,,,,37.79742525402762,-122.4077969444941
606,0327/012_2018,301.3270042194094,,,,37.78576958871326,-122.40767726487724
607,3703/058_2018,303.47214007782117,303.47214007782117,303.47214007782117,0.0,37.78121923109503,-122.41078487065224
608,0301/017_2018,301.4089682539681,301.4089682539681,301.4089682539681,0.0,37.78775054644685,-122.41793168824296
609,0306/022_2018,301.3270042194094,301.3270042194094,301.3270042194094,0.0,37.7877124994321,-122.41070825639736
610,0336/002_2018,303.2142055076945,,,,37.78291191664279,-122.41611763726468
611,3706/048_2018,301.3270042194094,301.3270042194094,301.3270042194094,0.0,37.7857918221896,-122.40508088187909
612,8721/010_2018,299.36666666666673,299.36666666666673,299.36666666666673,0.0,37.77037477807343,-122.387069830044
613,0999/026_2018,301.27240816326537,301.27240816326537,301.27240816326537,0.0,37.78993708391194,-122.44554696780978
614,3525/010_2018,303.9268679245282,,,,37.77153536873171,-122.4094027739352
615,0291/005_2018,298.7633948339484,,,,37.7898790444813,-122.40118844233696
616,0260/007_2018,300.886913580247,300.886913580247,300.886913580247,0.0,37.79230099576042,-122.40167623437834
617,3722/001_2018,298.7633948339484,298.7633948339484,298.7633948339484,0.0,37.7876716574796,-122.3997629265468
618,3735/008_2018,298.7633948339484,,,,37.785535111106775,-122.39712517927116
619,0116/020B_2018,297.58708487084857,297.58708487084857,297.58708487084857,0.0,37.79994090993599,-122.40872543799586
620,0872/002_2018,303.26286821705406,303.26286821705406,303.26286821705406,0.0,37.77052438705844,-122.4256720272456
621,0349/004_2018,303.47214007782117,,,,37.78132890948561,-122.41278712936942
622,3958/001B_2018,303.8803100775194,303.8803100775194,303.8803100775194,0.0,37.76515827519486,-122.40423345245564
623,0595/005_2018,301.12521739130426,,,,37.79417294823272,-122.42266235012885
624,0738/020_2018,301.8486545811939,302.3830830039525,301.1990476190477,0.5920176924334184,37.78339143350935,-122.42236556771049
625,3504/019_2018,303.26286821705406,303.26286821705406,303.26286821705406,0.0,37.772199094425055,-122.42018113072191
626,0227/011_2018,300.886913580247,300.886913580247,300.886913580247,0.0,37.793926768740825,-122.40368637725138
627,0085/005_2018,297.06386100386106,297.06386100386106,297.06386100386106,0.0,37.80232716935966,-122.40329844203636
628,0173/005_2018,297.58708487084857,,,,37.7971522161276,-122.39991524191856
629,0644/014_2018,301.4089682539681,301.4089682539681,301.4089682539681,0.0,37.79082810858958,-122.42043934550672
630,0268/012_2018,299.8375482853835,298.7633948339484,298.7633948339484,0.0,37.79172207839151,-122.40198425469316
631,0315/001_2018,301.3270042194094,301.3270042194094,301.3270042194094,0.0,37.78711222662475,-122.40845977046531
632,1007/008_2018,301.27240816326537,301.27240816326537,301.27240816326537,0.0,37.788549315385566,-122.44601039983765
633,3505/009_2018,303.9268679245282,303.9268679245282,303.9268679245282,0.0,37.77334968797768,-122.41953010111924
634,3788/002_2018,293.0907985564451,291.9657370517929,291.9657370517929,0.0,37.78107469226944,-122.39170566167058
635,0310/020_2018,301.3270042194094,301.3270042194094,301.3270042194094,0.0,37.788514489263065,-122.40455671736764
636,0266/006_2018,298.7633948339484,298.7633948339484,298.7633948339484,0.0,37.791575751708926,-122.39936340680836
637,3729/024_2018,303.8867116734344,303.88638783269977,303.88638783269977,0.0,37.77426855795082,-122.4118092247292
638,3758/131_2018,303.88638783269977,303.88638783269977,303.88638783269977,0.0,37.77408985217774,-122.40765184523396
639,3780/056A_2018,303.88638783269977,303.88638783269977,303.88638783269977,0.0,37.77301682575675,-122.40448094483554
640,0237/008_2018,297.58708487084857,,,,37.79358078832829,-122.3993283682273
641,0503/030_2018,298.93037265599867,,,,37.800955039722616,-122.42497394629706
642,0050/021_2018,299.8510077519379,299.8510077519379,299.8510077519379,0.0,37.80402295200713,-122.41591475819494
643,3774/013_2018,298.11999512617234,298.7633948339484,298.7633948339484,0.0,37.78352289890939,-122.39171504692315
644,3749/001_2018,298.7633948339484,298.7633948339484,298.7633948339484,0.0,37.78695788499342,-122.39446158660978
645,0324/024_2018,301.4089682539681,301.4089682539681,301.4089682539681,0.0,37.7855986406182,-122.41242324263852
646,0763/005_2018,302.3830830039525,,,,37.78141009020304,-122.41952274803948
647,0293/004_2018,298.7633948339484,,,,37.78904824583111,-122.40400379298538
648,0329/001_2018,301.3270042194094,301.3270042194094,301.3270042194094,0.0,37.78546976035216,-122.40661576277355
649,1541/040_2018,300.4404273504272,300.4404273504272,300.4404273504272,0.0,37.78069281369697,-122.46174480914944
650,0268/006_2018,298.7633948339484,298.7633948339484,298.7633948339484,0.0,37.79139206098461,-122.4013069853598
651,0503/028_2018,299.022092050209,,,,37.80090776108208,-122.42583002215558
652,0196/025_2018,297.58708487084857,297.58708487084857,297.58708487084857,0.0,37.79601214690243,-122.40255811560569
653,0257/001_2018,300.886913580247,300.886913580247,300.886913580247,0.0,37.79220955130891,-122.40614101953072
654,0310/004_2018,300.34680063085074,,,,37.78826600431878,-122.40386423064864
655,1443/040_2018,300.0866079295154,300.0866079295154,300.0866079295154,0.0,37.7824648990767,-122.47028749541658
656,0176/024_2018,297.58708487084857,297.58708487084857,297.58708487084857,0.0,37.79702866768733,-122.40418379666448
657,3722/019_2018,298.7633948339484,298.7633948339484,298.7633948339484,0.0,37.7867757265126,-122.39864355389852
658,3727/002_2018,302.3830830039525,302.3830830039525,302.3830830039525,0.0,37.77849929070461,-122.41048581275294
659,3725/101_2018,303.47214007782117,303.47214007782117,303.47214007782117,0.0,37.78063712973586,-122.40743265022483
660,0141/003B_2018,292.56649650944274,290.91198443579765,290.91198443579765,0.0,37.798864080514726,-122.4002635834947
661,3951/006_2018,301.97355217177324,303.8803100775194,299.8885925925928,1.995858742462633,37.76545200813686,-122.39746168577544
662,0164/010_2018,297.58708487084857,297.58708487084857,297.58708487084857,0.0,37.7976362487976,-122.40306235076172
663,0260/001_2018,300.886913580247,300.886913580247,300.886913580247,0.0,37.79279575520117,-122.40135328059216
664,0280/009_2018,301.4089682539681,301.4089682539681,301.4089682539681,0.0,37.78857633020745,-122.41592832995336
665,0287/023_2018,298.7633948339484,298.7633948339484,298.7633948339484,0.0,37.79041377036018,-122.40448280266956
666,0106/001_2018,297.06386100386106,297.06386100386106,297.06386100386106,0.0,37.801941731804895,-122.4032048357793
667,0291/006_2018,298.7633948339484,298.7633948339484,298.7633948339484,0.0,37.789525360498686,-122.40161029912106
668,2411/001_2018,300.2082296650717,,,,37.74303091185753,-122.47045648499946
669,7519/018_2018,298.8709401709402,298.8709401709402,298.8709401709402,0.0,37.744690727918,-122.4385892308014
670,0976/001_2018,297.2918222222224,,,,37.79203736673793,-122.44320400117226
671,0305/009_2018,301.39433181922544,,,,37.78709779501446,-122.4125377449803
672,3759/011_2018,303.47214007782117,303.47214007782117,303.47214007782117,0.0,37.77602225853781,-122.40293221442418
673,3702/048A_2018,302.3830830039525,302.3830830039525,302.3830830039525,0.0,37.7799380489209,-122.41250676744411
674,0136/005_2018,297.06386100386106,,,,37.80035307893162,-122.40104685373926
675,3717/002_2018,297.58708487084857,297.58708487084857,297.58708487084857,0.0,37.79192910570477,-122.39383479837082
676,0793/028_2018,301.88266666666686,301.88266666666686,301.88266666666686,0.0,37.778262494730456,-122.42428247365277
677,0348/026_2018,302.3830830039525,,,,37.78153739595182,-122.41415649263158
678,3703/061_2018,303.4622395589678,303.47214007782117,303.47214007782117,0.0,37.78052298075068,-122.41176828320884
679,3715/003_2018,297.58708487084857,297.58708487084857,297.58708487084857,0.0,37.79314549446399,-122.39254140587596
680,0493/007_2018,299.022092050209,,,,37.80047545631739,-122.43350222551398
681,0755/003_2018,301.3321673881675,,,,37.77978146000712,-122.43249735111534
682,3705/004_2018,301.3270042194094,301.3270042194094,301.3270042194094,0.0,37.78486338319578,-122.40513490118228
683,3715/025_2018,297.58708487084857,297.58708487084857,297.58708487084857,0.0,37.79301164307789,-122.39237359401946
684,3725/025_2018,303.47214007782117,303.47214007782117,303.47214007782117,0.0,37.78007593539682,-122.40713863739272
685,0321/039_2018,301.4089682539681,,,,37.78458804173948,-122.41723931549436
686,0743/204_2018,302.3830830039525,302.3830830039525,302.3830830039525,0.0,37.78254492077781,-122.42150488158116
687,3708/023_2018,298.7633948339484,,,,37.78959595706763,-122.39918088804444
688,3777/044_2018,303.47214007782117,303.47214007782117,303.47214007782117,0.0,37.777478730663965,-122.3981899238013
689,0310/013_2018,301.3270042194094,301.3270042194094,301.3270042194094,0.0,37.78809599444637,-122.40464659001368
690,0192/019_2018,300.886913580247,300.886913580247,300.886913580247,0.0,37.79547930702985,-122.409458218593
691,3757/046_2018,303.9268679245282,303.9268679245282,303.9268679245282,0.0,37.772006456269885,-122.40900556182264
692,3708/097_2018,298.7633948339484,298.7633948339484,298.7633948339484,0.0,37.78965313279474,-122.39864004793492
693,3728/076_2018,302.3830830039525,302.3830830039525,302.3830830039525,0.0,37.77640801460422,-122.41388206339518
694,0288/010_2018,298.7633948339484,298.7633948339484,298.7633948339484,0.0,37.79014482732556,-122.40335518899342
695,0261/005_2018,299.4324867083321,297.58708487084857,297.58708487084857,0.0,37.79236680112497,-122.40014830514065
696,0136/006_2018,297.06386100386106,297.06386100386106,297.06386100386106,0.0,37.80022864061118,-122.40102185339568
697,0176/007_2018,297.58708487084857,297.58708487084857,297.58708487084857,0.0,37.79653277918716,-122.40384518211803
698,3704/078_2018,303.47214007782117,303.47214007782117,303.47214007782117,0.0,37.78208328306901,-122.4097407659333
699,0163/009_2018,297.58708487084857,297.58708487084857,297.58708487084857,0.0,37.79740862805017,-122.40485614191569
700,0130/001_2018,297.58708487084857,,,,37.79928803135349,-122.40921608487216
701,2423/021_2018,299.4939795918367,299.4939795918367,299.4939795918367,0.0,37.73933904351648,-122.47940168507544
702,0256/002_2018,300.73523366979714,,,,37.791810316507615,-122.40780134517344
703,5583/004_2018,303.3085057471263,,,,37.74117174040053,-122.40470080901612
704,0175/032_2018,297.58708487084857,297.58708487084857,297.58708487084857,0.0,37.79691001221151,-122.40249686861644
705,0332/004_2018,301.4089682539681,,,,37.7843648648906,-122.41149614332508
706,3722/069_2018,298.7633948339484,,,,37.78684552962609,-122.40069724434026
707,3519/005_2018,303.9268679245282,303.9268679245282,303.9268679245282,0.0,37.77293998960031,-122.41103196093576
708,0346/016_2018,302.3830830039525,,,,37.78222001364122,-122.41630138691671
709,0310/019_2018,301.3270042194094,301.3270042194094,301.3270042194094,0.0,37.78848926679664,-122.40475314723204
710,1049/034_2018,301.27240816326537,301.27240816326537,301.27240816326537,0.0,37.78687788591993,-122.44051916220285
711,3571/001_2018,304.5536964980545,,,,37.76502717634167,-122.41550777163845
712,0694/017_2018,301.4089682539681,,,,37.786501281238415,-122.42037230378403
713,0311/013_2018,298.7633948339484,298.7633948339484,298.7633948339484,0.0,37.78874682656991,-122.4030337220701
714,3735/009_2018,298.7633948339484,298.7633948339484,298.7633948339484,0.0,37.7854449535408,-122.39736174182444
715,0173/006_2018,297.58708487084857,297.58708487084857,297.58708487084857,0.0,37.797009701940105,-122.3998858423062
716,3722/003_2018,298.7633948339484,298.7633948339484,298.7633948339484,0.0,37.78729704646533,-122.39936686321737
717,3715/006_2018,297.58708487084857,297.58708487084857,297.58708487084857,0.0,37.792877791575,-122.39220578235702
718,0272/006_2018,301.3270042194094,301.3270042194094,301.3270042194094,0.0,37.79046335323616,-122.40810925762167
719,3763/009_2018,291.9657370517929,291.9657370517929,291.9657370517929,0.0,37.78280886592835,-122.3943538137835
720,0294/017_2018,301.3270042194094,301.3270042194094,301.3270042194094,0.0,37.78926636917559,-122.40626018536216
721,0327/008_2018,301.3270042194094,301.3270042194094,301.3270042194094,0.0,37.785914309639786,-122.406772142036
722,6363/001_2018,300.1593600000001,300.1593600000001,300.1593600000001,0.0,37.710115836523066,-122.41244502440532
723,0715/011_2018,301.3722830944675,301.4089682539681,301.4089682539681,0.0,37.78559199561385,-122.42007433502822
724,0312/004_2018,301.3270042194094,301.3270042194094,301.3270042194094,0.0,37.78759842821844,-122.40409043999946
725,0284/010_2018,301.3270042194094,301.3270042194094,301.3270042194094,0.0,37.78936026039454,-122.4097919224422
726,3794/014_2018,300.07859718024594,300.33751824817534,300.33751824817534,0.0,37.7800944295145,-122.39063208760858
727,0317/003_2018,301.4089682539681,,,,37.78615588895208,-122.41168744954774
728,1518/033_2018,299.42368932038823,299.42368932038823,299.42368932038823,0.0,37.77972177928943,-122.48618860768134
729,3775/016_2018,300.33751824817534,300.33751824817534,300.33751824817534,0.0,37.781021046024335,-122.39352760894208
730,3722/004_2018,298.7633948339484,298.7633948339484,298.7633948339484,0.0,37.787209328111416,-122.39921082206612
731,3733/030_2018,303.47214007782117,,,,37.7807321703122,-122.40358820680034
732,3756/032_2018,303.88681393892955,303.88638783269977,303.88638783269977,0.0,37.77358851314447,-122.4110167892485
733,0041/040_2018,299.8510077519379,299.8510077519379,299.8510077519379,0.0,37.80546948921497,-122.4124082787726
734,3733/020A_2018,301.8633659112834,,,,37.781280682894746,-122.4026978422226
735,0309/006_2018,301.3270042194094,301.3270042194094,301.3270042194094,0.0,37.78793708673682,-122.40574364094792
736,1844/001_2018,298.5662135922331,,,,37.76191854900394,-122.46638442299648
737,0340/004_2018,301.4089682539681,301.4089682539681,301.4089682539681,0.0,37.78357026388628,-122.40940533386586
738,1458/041_2018,299.42368932038823,299.42368932038823,299.42368932038823,0.0,37.780327751531935,-122.48633945991278
739,0296/008_2018,301.3270042194094,301.3270042194094,301.3270042194094,0.0,37.78848202357572,-122.40917257598358
740,0296/007_2018,301.3270042194094,301.3270042194094,301.3270042194094,0.0,37.78849246748013,-122.40909100919106
741,3510/021_2018,303.9268679245282,303.9268679245282,303.9268679245282,0.0,37.77356958470781,-122.41578705112748
742,3722/005_2018,298.7633948339484,298.7633948339484,298.7633948339484,0.0,37.78709891514388,-122.39910114352864
743,3756/037_2018,303.88638783269977,,,,37.77397218793237,-122.4108721655286
744,0324/026_2018,301.4089682539681,301.4089682539681,301.4089682539681,0.0,37.78522430725852,-122.41144002925653
745,3786/020_2018,302.883316087722,303.47214007782117,303.47214007782117,0.0,37.77712402497621,-122.39600710223496
746,0339/011A_2018,303.47214007782117,303.47214007782117,303.47214007782117,0.0,37.78323573610246,-122.4122135098874
747,3707/061_2018,298.7633948339484,298.7633948339484,298.7633948339484,0.0,37.78864648940685,-122.40166921502262
748,0315/017_2018,301.3270042194094,301.3270042194094,301.3270042194094,0.0,37.78675995022778,-122.40940644226858
749,1009/029_2018,300.0651260504202,,,,37.78797476533644,-122.45007792771398
750,3708/009_2018,298.7633948339484,298.7633948339484,298.7633948339484,0.0,37.7897635261838,-122.39790638747434
751,0224/004_2018,300.886913580247,300.886913580247,300.886913580247,0.0,37.79348811897097,-122.40810181622278
752,0237/010_2018,297.58708487084857,,,,37.793520027221625,-122.39960404263428
753,0025/021_2018,299.8510077519379,299.8510077519379,299.8510077519379,0.0,37.80630324858695,-122.421061241581
754,3736/095_2018,298.7633948339484,,,,37.786592204036666,-122.39760996469624
755,3775/022_2018,300.33751824817534,300.33751824817534,300.33751824817534,0.0,37.78063114725335,-122.39402117194456
756,0309/011_2018,301.3270042194094,,,,37.78777599352511,-122.40635145368256
757,3722/072_2018,298.7633948339484,298.7633948339484,298.7633948339484,0.0,37.78724738527136,-122.3999588103
758,0175/003_2018,297.58708487084857,297.58708487084857,297.58708487084857,0.0,37.79694902044567,-122.40218343118524
759,3706/001_2018,301.3270042194094,,,,37.787175502177,-122.4035735941351
760,3733/091_2018,303.3799453181257,,,,37.7812589605368,-122.40292151255002
761,0288/007_2018,298.7633948339484,298.7633948339484,298.7633948339484,0.0,37.79022495715844,-122.40269709942572
762,3509/015_2018,303.9268679245282,,,,37.7747946216277,-122.41483284640938
763,3733/018_2018,300.33751824817534,,,,37.78148086084779,-122.40244449522902
764,0271/001A_2018,298.7633948339484,298.7633948339484,298.7633948339484,0.0,37.79110615497027,-122.40586066872548
765,0228/013_2018,298.9734034410692,,,,37.793991857078105,-122.4027871120729
766,0267/001_2018,300.886913580247,,,,37.79206534400468,-122.40001468925088
767,0287/018_2018,298.7633948339484,298.7633948339484,298.7633948339484,0.0,37.79034550229426,-122.40511133070562
768,3721/071_2018,298.7633948339484,298.7633948339484,298.7633948339484,0.0,37.78782532710078,-122.39918200084678
769,3554/056_2018,304.79952569169944,,,,37.76524090701937,-122.42120428549836
770,3521/027_2018,303.9268679245282,303.9268679245282,303.9268679245282,0.0,37.77095596231825,-122.41459890568213
771,0355/003_2018,302.3830830039525,,,,37.77858416150304,-122.41544173938246
772,3775/101_2018,300.33751824817534,300.33751824817534,300.33751824817534,0.0,37.78141473888763,-122.3930145198831
773,0304/005_2018,301.4089682539681,,,,37.786931515736256,-122.41364125002924
774,3520/029_2018,303.9268679245282,303.9268679245282,303.9268679245282,0.0,37.7716973209991,-122.41349988169291
775,0211/002_2018,300.886913580247,300.886913580247,300.886913580247,0.0,37.79437051623107,-122.40825400696237
776,0287/026_2018,298.7633948339484,298.7633948339484,298.7633948339484,0.0,37.79039605953407,-122.40481264401777
777,3754/007_2018,303.47214007782117,,,,37.77772982578364,-122.40513297772478
778,0324/027_2018,301.4089682539681,,,,37.785291375550536,-122.41169726550729
779,3722/002_2018,298.7633948339484,,,,37.78751407327818,-122.399566331168
780,0194/006_2018,300.7623917421565,300.886913580247,300.886913580247,0.0,37.79544001367218,-122.4053642419961
781,0313/010_2018,301.3270042194094,301.3270042194094,301.3270042194094,0.0,37.7869803364998,-122.4055313331654
782,0173/003_2018,297.58708487084857,,,,37.79737519889955,-122.399959825701
783,0174/001_2018,297.58708487084857,297.58708487084857,297.58708487084857,0.0,37.79748432583532,-122.40111214193011
784,0678/004_2018,301.27240816326537,301.27240816326537,301.27240816326537,0.0,37.78648913441362,-122.43364856011723
785,0125/026_2018,300.886913580247,,,,37.7982344999534,-122.4173940649567
786,0262/008_2018,297.58708487084857,297.58708487084857,297.58708487084857,0.0,37.792707563508046,-122.39949341145936
787,1440/039_2018,300.0866079295154,,,,37.78119774529633,-122.46719234860048
788,0310/003_2018,299.52043384710464,,,,37.788497137958686,-122.40389307969886
789,0173/002_2018,297.58708487084857,,,,37.79747801255378,-122.39998063608252
790,0240/001_2018,300.886913580247,300.886913580247,300.886913580247,0.0,37.79357694726912,-122.4032298779936
791,0284/006_2018,301.3270042194094,301.3270042194094,301.3270042194094,0.0,37.78943848636667,-122.4091731429112
792,6474/034_2018,299.5638793103448,299.5638793103448,299.5638793103448,0.0,37.71029097724047,-122.44760280440984
793,0164/002_2018,297.58708487084857,,,,37.79801787140276,-122.40252084323328
794,0268/016_2018,299.9479427060333,,,,37.79172512708595,-122.40169121083132
795,0065/048_2018,299.8510077519379,299.8510077519379,299.8510077519379,0.0,37.80346036929407,-122.4143661897636
796,0267/002_2018,300.886913580247,300.886913580247,300.886913580247,0.0,37.79194112656627,-122.39998911157647
797,0336/014A_2018,302.3830830039525,,,,37.78317019999447,-122.41722455777948
798,3736/096_2018,298.7633948339484,,,,37.786696933791255,-122.39774079942144
799,0287/001_2018,298.7633948339484,298.7633948339484,298.7633948339484,0.0,37.790548542103714,-122.404229209554
800,0241/014_2018,300.886913580247,,,,37.79309768854015,-122.4058695311911
801,3707/020_2018,298.7633948339484,298.7633948339484,298.7633948339484,0.0,37.78708767786568,-122.40135531097673
802,0288/001_2018,298.7633948339484,,,,37.79075441948776,-122.40255235557711
803,0835/002_2018,301.88266666666686,,,,37.776235032490334,-122.41843513844448
804,0090/030_2018,299.8510077519379,,,,37.80182183339893,-122.41167186768904
805,0174/008_2018,297.58708487084857,297.58708487084857,297.58708487084857,0.0,37.79704984280441,-122.40158254336862
806,0335/016_2018,301.4089682539681,,,,37.78406832338856,-122.41736004570252
807,3711/005_2018,297.58708487084857,,,,37.79210935240578,-122.39580386463558
808,3707/001_2018,298.7633948339484,298.7633948339484,298.7633948339484,0.0,37.788946965221776,-122.40128826195618
809,0670/022_2018,301.4089682539681,,,,37.78833227098981,-122.42108476317703
810,0310/018_2018,301.3270042194094,,,,37.78854932126704,-122.404963391222
811,0306/012_2018,301.3270042194094,,,,37.78714245252619,-122.41133459570096
812,3775/001_2018,291.9657370517929,291.9657370517929,291.9657370517929,0.0,37.78279210707108,-122.39367699302603
813,0653/022_2018,301.1990476190477,,,,37.78852073150272,-122.4334668835736
814,3721/050_2018,298.7633948339484,298.7633948339484,298.7633948339484,0.0,37.7875979596071,-122.3988811656802
815,0235/008_2018,297.58708487084857,297.58708487084857,297.58708487084857,0.0,37.793823603305,-122.3967116626418
816,3736/025_2018,298.7633948339484,,,,37.78616813006493,-122.39631014004296
817,3755/097_2018,302.3830830039525,,,,37.77588241635966,-122.40854636951435
818,0236/006_2018,297.58708487084857,297.58708487084857,297.58708487084857,0.0,37.79381948497669,-122.39860532836948
819,0174/011_2018,297.58708487084857,,,,37.79740043938978,-122.40133834127435
820,0261/007_2018,300.886913580247,,,,37.79229561316573,-122.40070689746932
821,3509/040_2018,301.88266666666686,,,,37.77536774835141,-122.41536750694912
822,0294/016_2018,301.3270042194094,,,,37.789312346273,-122.4064449839593
823,0224/001_2018,300.886913580247,,,,37.79388813978581,-122.40808641976206
824,0309/017_2018,301.3270042194094,,,,37.788386265142194,-122.40572573759545
825,0310/005_2018,301.2824197083579,301.3270042194094,301.3270042194094,0.0,37.78812533637628,-122.40374389999197
826,0296/005_2018,301.3270042194094,301.3270042194094,301.3270042194094,0.0,37.78866410585611,-122.4087417781548
827,0310/022_2018,299.21440018879804,298.7633948339484,298.7633948339484,0.0,37.78860875598897,-122.40406167190918
828,0136/007_2018,297.06386100386106,,,,37.80032929945566,-122.40073149722888
829,0309/027_2018,301.3270042194094,301.3270042194094,301.3270042194094,0.0,37.788440123197816,-122.40560728800268
830,5843/007_2018,302.3990697674418,,,,37.73277762166323,-122.4166169493046
831,0309/014_2018,301.3270042194094,,,,37.787956359265664,-122.40642800621328
832,0260/003_2018,300.886913580247,300.886913580247,300.886913580247,0.0,37.79248677102151,-122.40128965025686
833,0323/009_2018,301.4089682539681,301.4089682539681,301.4089682539681,0.0,37.78504297466993,-122.41345522563546
834,0041/038_2018,299.8510077519379,299.8510077519379,299.8510077519379,0.0,37.8050520141825,-122.4132593072461
835,0330/002_2018,301.3270042194094,301.3270042194094,301.3270042194094,0.0,37.78517830931824,-122.40804161419857
836,0260/008_2018,300.886913580247,300.886913580247,300.886913580247,0.0,37.79219984117894,-122.40189702043264
837,0196/028_2018,297.58708487084857,297.58708487084857,297.58708487084857,0.0,37.79570640770411,-122.40313666137692
838,0311/007_2018,298.7633948339484,,,,37.78844656979199,-122.40332549764194
839,0328/003_2018,301.3270042194094,,,,37.786303474288616,-122.40608977050256
840,3707/004_2018,298.7633948339484,,,,37.78858735261925,-122.40095793131064
841,0165/008_2018,297.58708487084857,,,,37.79802280266028,-122.40188915967248
842,0298/008_2018,301.3270042194094,,,,37.78798370545385,-122.41228570464904
843,0177/015_2018,297.58708487084857,,,,37.79653583912699,-122.40658117220364
844,0355/006_2018,302.3830830039525,,,,37.77837593400447,-122.4157216693522
845,0935/005_2018,300.01463829787247,300.01463829787247,300.01463829787247,0.0,37.79917070447517,-122.4438882317096
846,0267/009_2018,298.7633948339484,,,,37.7914554858515,-122.40016525800984
847,2623/168_2018,301.0468774703556,301.0468774703556,301.0468774703556,0.0,37.762785199572924,-122.43853161245154
848,0176/013_2018,297.58708487084857,,,,37.79653487519644,-122.405021236137
849,0270/042_2018,298.7633948339484,,,,37.79086936062687,-122.40522555934687
850,3736/098_2018,298.7633948339484,,,,37.78690552603477,-122.39767245897376
851,0309/022_2018,301.3270042194094,301.3270042194094,301.3270042194094,0.0,37.78839991644162,-122.40651737855065
852,0260/009_2018,300.886913580247,,,,37.79217651489671,-122.402027915819
853,3776/011_2018,300.33751824817534,,,,37.77993077908349,-122.39486849126808
